--------------------------------------------------------
--  파일이 생성됨 - 토요일-5월-01-2021   
--------------------------------------------------------
--------------------------------------------------------
--  DDL for Table BUY
--------------------------------------------------------

  CREATE TABLE "TEAM4_202012M"."BUY" 
   (	"BUY_SEQ" NUMBER, 
	"MENU_SEQ" NUMBER, 
	"BUY_CNT" NUMBER, 
	"IN_DATE" VARCHAR2(15 BYTE), 
	"IN_USER_ID" VARCHAR2(20 BYTE), 
	"UP_DATE" VARCHAR2(15 BYTE), 
	"UP_USER_ID" VARCHAR2(20 BYTE)
   ) SEGMENT CREATION IMMEDIATE 
  PCTFREE 10 PCTUSED 40 INITRANS 1 MAXTRANS 255 NOCOMPRESS LOGGING
  STORAGE(INITIAL 65536 NEXT 1048576 MINEXTENTS 1 MAXEXTENTS 2147483645
  PCTINCREASE 0 FREELISTS 1 FREELIST GROUPS 1 BUFFER_POOL DEFAULT FLASH_CACHE DEFAULT CELL_FLASH_CACHE DEFAULT)
  TABLESPACE "TS_202012M" ;

   COMMENT ON COLUMN "TEAM4_202012M"."BUY"."BUY_SEQ" IS '주문 번호';
   COMMENT ON COLUMN "TEAM4_202012M"."BUY"."MENU_SEQ" IS '메뉴 번호';
   COMMENT ON COLUMN "TEAM4_202012M"."BUY"."BUY_CNT" IS '수량';
--------------------------------------------------------
--  DDL for Table CATEGORY
--------------------------------------------------------

  CREATE TABLE "TEAM4_202012M"."CATEGORY" 
   (	"CATE_SEQ" NUMBER, 
	"OWNER_SEQ" NUMBER, 
	"CATE_NAME" VARCHAR2(100 BYTE), 
	"CATE_CONTENT" VARCHAR2(3000 BYTE), 
	"CATE_DISPLAY_YN" CHAR(1 BYTE), 
	"ATTACH_PATH" VARCHAR2(100 BYTE), 
	"ATTACH_FILE" VARCHAR2(50 BYTE), 
	"IN_DATE" VARCHAR2(15 BYTE), 
	"IN_USER_ID" VARCHAR2(20 BYTE), 
	"UP_DATE" VARCHAR2(15 BYTE), 
	"UP_USER_ID" VARCHAR2(20 BYTE)
   ) SEGMENT CREATION IMMEDIATE 
  PCTFREE 10 PCTUSED 40 INITRANS 1 MAXTRANS 255 NOCOMPRESS LOGGING
  STORAGE(INITIAL 65536 NEXT 1048576 MINEXTENTS 1 MAXEXTENTS 2147483645
  PCTINCREASE 0 FREELISTS 1 FREELIST GROUPS 1 BUFFER_POOL DEFAULT FLASH_CACHE DEFAULT CELL_FLASH_CACHE DEFAULT)
  TABLESPACE "TS_202012M" ;

   COMMENT ON COLUMN "TEAM4_202012M"."CATEGORY"."CATE_SEQ" IS '카테고리 번호';
   COMMENT ON COLUMN "TEAM4_202012M"."CATEGORY"."OWNER_SEQ" IS '회원 번호';
   COMMENT ON COLUMN "TEAM4_202012M"."CATEGORY"."CATE_NAME" IS '카테고리 이름';
   COMMENT ON COLUMN "TEAM4_202012M"."CATEGORY"."CATE_CONTENT" IS '설명';
   COMMENT ON COLUMN "TEAM4_202012M"."CATEGORY"."CATE_DISPLAY_YN" IS '표시 여부';
   COMMENT ON COLUMN "TEAM4_202012M"."CATEGORY"."ATTACH_PATH" IS '이미지 파일 저장 경로';
   COMMENT ON COLUMN "TEAM4_202012M"."CATEGORY"."ATTACH_FILE" IS '이미지 파일명';
--------------------------------------------------------
--  DDL for Table EVENT
--------------------------------------------------------

  CREATE TABLE "TEAM4_202012M"."EVENT" 
   (	"EVENT_SEQ" NUMBER, 
	"OWNER_SEQ" NUMBER, 
	"EVENT_TITLE" VARCHAR2(150 BYTE), 
	"EVENT_CONTENT" VARCHAR2(3000 BYTE), 
	"EVENT_START" DATE, 
	"EVENT_END" DATE, 
	"ATTACH_PATH" VARCHAR2(100 BYTE), 
	"ATTACH_FILE" VARCHAR2(50 BYTE), 
	"IN_DATE" VARCHAR2(15 BYTE), 
	"IN_USER_ID" VARCHAR2(20 BYTE), 
	"UP_DATE" VARCHAR2(15 BYTE), 
	"UP_USER_ID" VARCHAR2(20 BYTE)
   ) SEGMENT CREATION IMMEDIATE 
  PCTFREE 10 PCTUSED 40 INITRANS 1 MAXTRANS 255 NOCOMPRESS LOGGING
  STORAGE(INITIAL 65536 NEXT 1048576 MINEXTENTS 1 MAXEXTENTS 2147483645
  PCTINCREASE 0 FREELISTS 1 FREELIST GROUPS 1 BUFFER_POOL DEFAULT FLASH_CACHE DEFAULT CELL_FLASH_CACHE DEFAULT)
  TABLESPACE "TS_202012M" ;

   COMMENT ON COLUMN "TEAM4_202012M"."EVENT"."EVENT_SEQ" IS '이벤트 번호';
   COMMENT ON COLUMN "TEAM4_202012M"."EVENT"."OWNER_SEQ" IS '회원 번호';
   COMMENT ON COLUMN "TEAM4_202012M"."EVENT"."EVENT_TITLE" IS '제목';
   COMMENT ON COLUMN "TEAM4_202012M"."EVENT"."EVENT_CONTENT" IS '내용';
   COMMENT ON COLUMN "TEAM4_202012M"."EVENT"."EVENT_START" IS '시작일';
   COMMENT ON COLUMN "TEAM4_202012M"."EVENT"."EVENT_END" IS '종료일';
   COMMENT ON COLUMN "TEAM4_202012M"."EVENT"."ATTACH_PATH" IS '파일 저장 경로';
   COMMENT ON COLUMN "TEAM4_202012M"."EVENT"."ATTACH_FILE" IS '파일명';
--------------------------------------------------------
--  DDL for Table MENU
--------------------------------------------------------

  CREATE TABLE "TEAM4_202012M"."MENU" 
   (	"MENU_SEQ" NUMBER, 
	"OWNER_SEQ" NUMBER, 
	"CATE_SEQ" NUMBER, 
	"MENU_NAME" VARCHAR2(100 BYTE), 
	"MENU_PRICE" NUMBER, 
	"MENU_CONTENT" VARCHAR2(3000 BYTE), 
	"MENU_DISPLAY_YN" CHAR(1 BYTE), 
	"ATTACH_PATH" VARCHAR2(100 BYTE), 
	"ATTACH_FILE" VARCHAR2(50 BYTE), 
	"IN_DATE" VARCHAR2(15 BYTE), 
	"IN_USER_ID" VARCHAR2(20 BYTE), 
	"UP_DATE" VARCHAR2(15 BYTE), 
	"UP_USER_ID" VARCHAR2(20 BYTE)
   ) SEGMENT CREATION IMMEDIATE 
  PCTFREE 10 PCTUSED 40 INITRANS 1 MAXTRANS 255 NOCOMPRESS LOGGING
  STORAGE(INITIAL 65536 NEXT 1048576 MINEXTENTS 1 MAXEXTENTS 2147483645
  PCTINCREASE 0 FREELISTS 1 FREELIST GROUPS 1 BUFFER_POOL DEFAULT FLASH_CACHE DEFAULT CELL_FLASH_CACHE DEFAULT)
  TABLESPACE "TS_202012M" ;

   COMMENT ON COLUMN "TEAM4_202012M"."MENU"."MENU_SEQ" IS '메뉴 번호';
   COMMENT ON COLUMN "TEAM4_202012M"."MENU"."OWNER_SEQ" IS '회원 번호';
   COMMENT ON COLUMN "TEAM4_202012M"."MENU"."CATE_SEQ" IS '카테고리 번호';
   COMMENT ON COLUMN "TEAM4_202012M"."MENU"."MENU_NAME" IS '이름';
   COMMENT ON COLUMN "TEAM4_202012M"."MENU"."MENU_PRICE" IS '가격';
   COMMENT ON COLUMN "TEAM4_202012M"."MENU"."MENU_CONTENT" IS '설명';
   COMMENT ON COLUMN "TEAM4_202012M"."MENU"."MENU_DISPLAY_YN" IS '표시 여부';
   COMMENT ON COLUMN "TEAM4_202012M"."MENU"."ATTACH_PATH" IS '이미지 파일 저장 경로';
   COMMENT ON COLUMN "TEAM4_202012M"."MENU"."ATTACH_FILE" IS '이미지 파일명';
--------------------------------------------------------
--  DDL for Table NOTICE
--------------------------------------------------------

  CREATE TABLE "TEAM4_202012M"."NOTICE" 
   (	"NOTI_SEQ" NUMBER, 
	"NOTI_TITLE" VARCHAR2(150 BYTE), 
	"NOTI_CONTENT" VARCHAR2(3500 BYTE), 
	"ATTACH_PATH" VARCHAR2(100 BYTE), 
	"ATTACH_FILE" VARCHAR2(50 BYTE), 
	"IN_DATE" VARCHAR2(15 BYTE), 
	"IN_USER_ID" VARCHAR2(20 BYTE), 
	"UP_DATE" VARCHAR2(15 BYTE), 
	"UP_USER_ID" VARCHAR2(20 BYTE)
   ) SEGMENT CREATION IMMEDIATE 
  PCTFREE 10 PCTUSED 40 INITRANS 1 MAXTRANS 255 NOCOMPRESS LOGGING
  STORAGE(INITIAL 65536 NEXT 1048576 MINEXTENTS 1 MAXEXTENTS 2147483645
  PCTINCREASE 0 FREELISTS 1 FREELIST GROUPS 1 BUFFER_POOL DEFAULT FLASH_CACHE DEFAULT CELL_FLASH_CACHE DEFAULT)
  TABLESPACE "TS_202012M" ;

   COMMENT ON COLUMN "TEAM4_202012M"."NOTICE"."NOTI_SEQ" IS '공지 번호';
   COMMENT ON COLUMN "TEAM4_202012M"."NOTICE"."NOTI_TITLE" IS '제목';
   COMMENT ON COLUMN "TEAM4_202012M"."NOTICE"."NOTI_CONTENT" IS '내용';
   COMMENT ON COLUMN "TEAM4_202012M"."NOTICE"."ATTACH_PATH" IS '파일 저장 경로';
   COMMENT ON COLUMN "TEAM4_202012M"."NOTICE"."ATTACH_FILE" IS '파일명';
--------------------------------------------------------
--  DDL for Table OWNER
--------------------------------------------------------

  CREATE TABLE "TEAM4_202012M"."OWNER" 
   (	"OWNER_SEQ" NUMBER, 
	"OWNER_NAME" VARCHAR2(100 BYTE), 
	"OWNER_ID" VARCHAR2(50 BYTE), 
	"OWNER_PWD" NVARCHAR2(50), 
	"OWNER_STR_NAME" VARCHAR2(100 BYTE), 
	"OWNER_STR_NUM" CHAR(10 BYTE), 
	"OWNER_STR_TEL" VARCHAR2(13 BYTE), 
	"OWNER_ADD1" VARCHAR2(150 BYTE), 
	"OWNER_ADD2" VARCHAR2(150 BYTE), 
	"LOGO_PATH" VARCHAR2(100 BYTE), 
	"LOGO_FILE" VARCHAR2(50 BYTE), 
	"ADMIN_YN" CHAR(1 BYTE) DEFAULT 'N', 
	"IN_DATE" VARCHAR2(15 BYTE), 
	"IN_USER_ID" VARCHAR2(20 BYTE), 
	"UP_DATE" VARCHAR2(15 BYTE), 
	"UP_USER_ID" VARCHAR2(20 BYTE)
   ) SEGMENT CREATION IMMEDIATE 
  PCTFREE 10 PCTUSED 40 INITRANS 1 MAXTRANS 255 NOCOMPRESS LOGGING
  STORAGE(INITIAL 65536 NEXT 1048576 MINEXTENTS 1 MAXEXTENTS 2147483645
  PCTINCREASE 0 FREELISTS 1 FREELIST GROUPS 1 BUFFER_POOL DEFAULT FLASH_CACHE DEFAULT CELL_FLASH_CACHE DEFAULT)
  TABLESPACE "TS_202012M" ;

   COMMENT ON COLUMN "TEAM4_202012M"."OWNER"."OWNER_SEQ" IS '회원 번호';
   COMMENT ON COLUMN "TEAM4_202012M"."OWNER"."OWNER_NAME" IS '이름';
   COMMENT ON COLUMN "TEAM4_202012M"."OWNER"."OWNER_ID" IS 'EMAIL';
   COMMENT ON COLUMN "TEAM4_202012M"."OWNER"."OWNER_PWD" IS '비밀번호';
   COMMENT ON COLUMN "TEAM4_202012M"."OWNER"."OWNER_STR_NAME" IS '상호명';
   COMMENT ON COLUMN "TEAM4_202012M"."OWNER"."OWNER_STR_NUM" IS '사업자 등록번호 또는 가맹점 번호';
   COMMENT ON COLUMN "TEAM4_202012M"."OWNER"."OWNER_STR_TEL" IS '전화번호';
   COMMENT ON COLUMN "TEAM4_202012M"."OWNER"."OWNER_ADD1" IS '주소1';
   COMMENT ON COLUMN "TEAM4_202012M"."OWNER"."OWNER_ADD2" IS '주소2';
   COMMENT ON COLUMN "TEAM4_202012M"."OWNER"."LOGO_PATH" IS '이미지 파일 저장 경로';
   COMMENT ON COLUMN "TEAM4_202012M"."OWNER"."LOGO_FILE" IS '이미지 파일명';
--------------------------------------------------------
--  DDL for Table SYS_ANSWER
--------------------------------------------------------

  CREATE TABLE "TEAM4_202012M"."SYS_ANSWER" 
   (	"SYS_QUES_SEQ" NUMBER, 
	"SYS_ANS_REPLY" VARCHAR2(3000 BYTE), 
	"IN_DATE" VARCHAR2(15 BYTE), 
	"IN_USER_ID" VARCHAR2(20 BYTE), 
	"UP_DATE" VARCHAR2(15 BYTE), 
	"UP_USER_ID" VARCHAR2(20 BYTE)
   ) SEGMENT CREATION IMMEDIATE 
  PCTFREE 10 PCTUSED 40 INITRANS 1 MAXTRANS 255 NOCOMPRESS LOGGING
  STORAGE(INITIAL 65536 NEXT 1048576 MINEXTENTS 1 MAXEXTENTS 2147483645
  PCTINCREASE 0 FREELISTS 1 FREELIST GROUPS 1 BUFFER_POOL DEFAULT FLASH_CACHE DEFAULT CELL_FLASH_CACHE DEFAULT)
  TABLESPACE "TS_202012M" ;

   COMMENT ON COLUMN "TEAM4_202012M"."SYS_ANSWER"."SYS_QUES_SEQ" IS '시스템 질문 번호';
   COMMENT ON COLUMN "TEAM4_202012M"."SYS_ANSWER"."SYS_ANS_REPLY" IS '답변';
--------------------------------------------------------
--  DDL for Table SYS_QUESTION
--------------------------------------------------------

  CREATE TABLE "TEAM4_202012M"."SYS_QUESTION" 
   (	"SYS_QUES_SEQ" NUMBER, 
	"OWNER_SEQ" NUMBER, 
	"SYS_QUES_TITLE" VARCHAR2(150 BYTE), 
	"SYS_QUES_CONTENT" VARCHAR2(3000 BYTE), 
	"SYS_QUES_DISPLAY_YN" CHAR(1 BYTE), 
	"ATTACH_PATH" VARCHAR2(100 BYTE), 
	"ATTACH_FILE" VARCHAR2(50 BYTE), 
	"IN_DATE" VARCHAR2(15 BYTE), 
	"IN_USER_ID" VARCHAR2(20 BYTE), 
	"UP_DATE" VARCHAR2(15 BYTE), 
	"UP_USER_ID" VARCHAR2(20 BYTE)
   ) SEGMENT CREATION IMMEDIATE 
  PCTFREE 10 PCTUSED 40 INITRANS 1 MAXTRANS 255 NOCOMPRESS LOGGING
  STORAGE(INITIAL 65536 NEXT 1048576 MINEXTENTS 1 MAXEXTENTS 2147483645
  PCTINCREASE 0 FREELISTS 1 FREELIST GROUPS 1 BUFFER_POOL DEFAULT FLASH_CACHE DEFAULT CELL_FLASH_CACHE DEFAULT)
  TABLESPACE "TS_202012M" ;

   COMMENT ON COLUMN "TEAM4_202012M"."SYS_QUESTION"."SYS_QUES_SEQ" IS '시스템 질문 번호';
   COMMENT ON COLUMN "TEAM4_202012M"."SYS_QUESTION"."OWNER_SEQ" IS '회원 번호';
   COMMENT ON COLUMN "TEAM4_202012M"."SYS_QUESTION"."SYS_QUES_TITLE" IS '제목';
   COMMENT ON COLUMN "TEAM4_202012M"."SYS_QUESTION"."SYS_QUES_CONTENT" IS '내용';
   COMMENT ON COLUMN "TEAM4_202012M"."SYS_QUESTION"."SYS_QUES_DISPLAY_YN" IS '표시 여부';
   COMMENT ON COLUMN "TEAM4_202012M"."SYS_QUESTION"."ATTACH_PATH" IS '파일 저장 경로';
   COMMENT ON COLUMN "TEAM4_202012M"."SYS_QUESTION"."ATTACH_FILE" IS '파일명';
--------------------------------------------------------
--  DDL for Table VOICE_OF_CUSTOMER
--------------------------------------------------------

  CREATE TABLE "TEAM4_202012M"."VOICE_OF_CUSTOMER" 
   (	"VOC_SEQ" NUMBER, 
	"OWNER_SEQ" NUMBER, 
	"CONTENT" VARCHAR2(3000 BYTE), 
	"IN_DATE" VARCHAR2(15 BYTE), 
	"IN_USER_ID" VARCHAR2(20 BYTE), 
	"UP_DATE" VARCHAR2(15 BYTE), 
	"UP_USER_ID" VARCHAR2(20 BYTE)
   ) SEGMENT CREATION IMMEDIATE 
  PCTFREE 10 PCTUSED 40 INITRANS 1 MAXTRANS 255 NOCOMPRESS LOGGING
  STORAGE(INITIAL 65536 NEXT 1048576 MINEXTENTS 1 MAXEXTENTS 2147483645
  PCTINCREASE 0 FREELISTS 1 FREELIST GROUPS 1 BUFFER_POOL DEFAULT FLASH_CACHE DEFAULT CELL_FLASH_CACHE DEFAULT)
  TABLESPACE "TS_202012M" ;
REM INSERTING into TEAM4_202012M.BUY
SET DEFINE OFF;
Insert into TEAM4_202012M.BUY (BUY_SEQ,MENU_SEQ,BUY_CNT,IN_DATE,IN_USER_ID,UP_DATE,UP_USER_ID) values (183,8,1,'20210413.153849','22','20210413.153849','22');
Insert into TEAM4_202012M.BUY (BUY_SEQ,MENU_SEQ,BUY_CNT,IN_DATE,IN_USER_ID,UP_DATE,UP_USER_ID) values (205,6,2,'20210413.160114','22','20210413.160114','22');
Insert into TEAM4_202012M.BUY (BUY_SEQ,MENU_SEQ,BUY_CNT,IN_DATE,IN_USER_ID,UP_DATE,UP_USER_ID) values (205,7,1,'20210413.160114','22','20210413.160114','22');
Insert into TEAM4_202012M.BUY (BUY_SEQ,MENU_SEQ,BUY_CNT,IN_DATE,IN_USER_ID,UP_DATE,UP_USER_ID) values (205,3,1,'20210413.160114','22','20210413.160114','22');
Insert into TEAM4_202012M.BUY (BUY_SEQ,MENU_SEQ,BUY_CNT,IN_DATE,IN_USER_ID,UP_DATE,UP_USER_ID) values (205,8,2,'20210413.160114','22','20210413.160114','22');
Insert into TEAM4_202012M.BUY (BUY_SEQ,MENU_SEQ,BUY_CNT,IN_DATE,IN_USER_ID,UP_DATE,UP_USER_ID) values (246,3,1,'20210413.163958','22','20210413.163958','22');
Insert into TEAM4_202012M.BUY (BUY_SEQ,MENU_SEQ,BUY_CNT,IN_DATE,IN_USER_ID,UP_DATE,UP_USER_ID) values (246,8,1,'20210413.163958','22','20210413.163958','22');
Insert into TEAM4_202012M.BUY (BUY_SEQ,MENU_SEQ,BUY_CNT,IN_DATE,IN_USER_ID,UP_DATE,UP_USER_ID) values (246,4,1,'20210413.163958','22','20210413.163958','22');
Insert into TEAM4_202012M.BUY (BUY_SEQ,MENU_SEQ,BUY_CNT,IN_DATE,IN_USER_ID,UP_DATE,UP_USER_ID) values (246,6,2,'20210413.163958','22','20210413.163958','22');
Insert into TEAM4_202012M.BUY (BUY_SEQ,MENU_SEQ,BUY_CNT,IN_DATE,IN_USER_ID,UP_DATE,UP_USER_ID) values (163,4,4,'20210413.152725','22','20210413.152725','22');
Insert into TEAM4_202012M.BUY (BUY_SEQ,MENU_SEQ,BUY_CNT,IN_DATE,IN_USER_ID,UP_DATE,UP_USER_ID) values (163,8,2,'20210413.152725','22','20210413.152725','22');
Insert into TEAM4_202012M.BUY (BUY_SEQ,MENU_SEQ,BUY_CNT,IN_DATE,IN_USER_ID,UP_DATE,UP_USER_ID) values (164,3,2,'20210413.152943','22','20210413.152943','22');
Insert into TEAM4_202012M.BUY (BUY_SEQ,MENU_SEQ,BUY_CNT,IN_DATE,IN_USER_ID,UP_DATE,UP_USER_ID) values (164,2,2,'20210413.152943','22','20210413.152943','22');
Insert into TEAM4_202012M.BUY (BUY_SEQ,MENU_SEQ,BUY_CNT,IN_DATE,IN_USER_ID,UP_DATE,UP_USER_ID) values (164,6,1,'20210413.152943','22','20210413.152943','22');
Insert into TEAM4_202012M.BUY (BUY_SEQ,MENU_SEQ,BUY_CNT,IN_DATE,IN_USER_ID,UP_DATE,UP_USER_ID) values (165,7,2,'20210413.153055','22','20210413.153055','22');
Insert into TEAM4_202012M.BUY (BUY_SEQ,MENU_SEQ,BUY_CNT,IN_DATE,IN_USER_ID,UP_DATE,UP_USER_ID) values (165,6,2,'20210413.153055','22','20210413.153055','22');
Insert into TEAM4_202012M.BUY (BUY_SEQ,MENU_SEQ,BUY_CNT,IN_DATE,IN_USER_ID,UP_DATE,UP_USER_ID) values (165,2,3,'20210413.153055','22','20210413.153055','22');
Insert into TEAM4_202012M.BUY (BUY_SEQ,MENU_SEQ,BUY_CNT,IN_DATE,IN_USER_ID,UP_DATE,UP_USER_ID) values (241,3,1,'20210413.163549','22','20210413.163549','22');
Insert into TEAM4_202012M.BUY (BUY_SEQ,MENU_SEQ,BUY_CNT,IN_DATE,IN_USER_ID,UP_DATE,UP_USER_ID) values (241,2,1,'20210413.163549','22','20210413.163549','22');
Insert into TEAM4_202012M.BUY (BUY_SEQ,MENU_SEQ,BUY_CNT,IN_DATE,IN_USER_ID,UP_DATE,UP_USER_ID) values (242,37,1,'20210413.163643','61','20210413.163643','61');
Insert into TEAM4_202012M.BUY (BUY_SEQ,MENU_SEQ,BUY_CNT,IN_DATE,IN_USER_ID,UP_DATE,UP_USER_ID) values (242,38,1,'20210413.163643','61','20210413.163643','61');
Insert into TEAM4_202012M.BUY (BUY_SEQ,MENU_SEQ,BUY_CNT,IN_DATE,IN_USER_ID,UP_DATE,UP_USER_ID) values (242,43,1,'20210413.163643','61','20210413.163643','61');
Insert into TEAM4_202012M.BUY (BUY_SEQ,MENU_SEQ,BUY_CNT,IN_DATE,IN_USER_ID,UP_DATE,UP_USER_ID) values (243,38,1,'20210413.163732','61','20210413.163732','61');
Insert into TEAM4_202012M.BUY (BUY_SEQ,MENU_SEQ,BUY_CNT,IN_DATE,IN_USER_ID,UP_DATE,UP_USER_ID) values (243,44,2,'20210413.163732','61','20210413.163732','61');
Insert into TEAM4_202012M.BUY (BUY_SEQ,MENU_SEQ,BUY_CNT,IN_DATE,IN_USER_ID,UP_DATE,UP_USER_ID) values (243,42,1,'20210413.163732','61','20210413.163732','61');
Insert into TEAM4_202012M.BUY (BUY_SEQ,MENU_SEQ,BUY_CNT,IN_DATE,IN_USER_ID,UP_DATE,UP_USER_ID) values (243,31,1,'20210413.163732','61','20210413.163732','61');
Insert into TEAM4_202012M.BUY (BUY_SEQ,MENU_SEQ,BUY_CNT,IN_DATE,IN_USER_ID,UP_DATE,UP_USER_ID) values (243,34,1,'20210413.163732','61','20210413.163732','61');
Insert into TEAM4_202012M.BUY (BUY_SEQ,MENU_SEQ,BUY_CNT,IN_DATE,IN_USER_ID,UP_DATE,UP_USER_ID) values (243,46,1,'20210413.163732','61','20210413.163732','61');
Insert into TEAM4_202012M.BUY (BUY_SEQ,MENU_SEQ,BUY_CNT,IN_DATE,IN_USER_ID,UP_DATE,UP_USER_ID) values (243,50,1,'20210413.163732','61','20210413.163732','61');
Insert into TEAM4_202012M.BUY (BUY_SEQ,MENU_SEQ,BUY_CNT,IN_DATE,IN_USER_ID,UP_DATE,UP_USER_ID) values (244,47,1,'20210413.163759','61','20210413.163759','61');
Insert into TEAM4_202012M.BUY (BUY_SEQ,MENU_SEQ,BUY_CNT,IN_DATE,IN_USER_ID,UP_DATE,UP_USER_ID) values (244,46,1,'20210413.163759','61','20210413.163759','61');
Insert into TEAM4_202012M.BUY (BUY_SEQ,MENU_SEQ,BUY_CNT,IN_DATE,IN_USER_ID,UP_DATE,UP_USER_ID) values (244,50,1,'20210413.163759','61','20210413.163759','61');
Insert into TEAM4_202012M.BUY (BUY_SEQ,MENU_SEQ,BUY_CNT,IN_DATE,IN_USER_ID,UP_DATE,UP_USER_ID) values (244,39,1,'20210413.163759','61','20210413.163759','61');
Insert into TEAM4_202012M.BUY (BUY_SEQ,MENU_SEQ,BUY_CNT,IN_DATE,IN_USER_ID,UP_DATE,UP_USER_ID) values (244,30,1,'20210413.163759','61','20210413.163759','61');
Insert into TEAM4_202012M.BUY (BUY_SEQ,MENU_SEQ,BUY_CNT,IN_DATE,IN_USER_ID,UP_DATE,UP_USER_ID) values (244,34,1,'20210413.163759','61','20210413.163759','61');
Insert into TEAM4_202012M.BUY (BUY_SEQ,MENU_SEQ,BUY_CNT,IN_DATE,IN_USER_ID,UP_DATE,UP_USER_ID) values (249,2,1,'20210413.164300','22','20210413.164300','22');
Insert into TEAM4_202012M.BUY (BUY_SEQ,MENU_SEQ,BUY_CNT,IN_DATE,IN_USER_ID,UP_DATE,UP_USER_ID) values (249,22,2,'20210413.164300','22','20210413.164300','22');
Insert into TEAM4_202012M.BUY (BUY_SEQ,MENU_SEQ,BUY_CNT,IN_DATE,IN_USER_ID,UP_DATE,UP_USER_ID) values (250,4,3,'20210413.164351','22','20210413.164351','22');
Insert into TEAM4_202012M.BUY (BUY_SEQ,MENU_SEQ,BUY_CNT,IN_DATE,IN_USER_ID,UP_DATE,UP_USER_ID) values (461,8,1,'20210415.113400','22','20210415.113400','22');
Insert into TEAM4_202012M.BUY (BUY_SEQ,MENU_SEQ,BUY_CNT,IN_DATE,IN_USER_ID,UP_DATE,UP_USER_ID) values (461,4,1,'20210415.113400','22','20210415.113400','22');
Insert into TEAM4_202012M.BUY (BUY_SEQ,MENU_SEQ,BUY_CNT,IN_DATE,IN_USER_ID,UP_DATE,UP_USER_ID) values (461,7,1,'20210415.113400','22','20210415.113400','22');
Insert into TEAM4_202012M.BUY (BUY_SEQ,MENU_SEQ,BUY_CNT,IN_DATE,IN_USER_ID,UP_DATE,UP_USER_ID) values (461,3,1,'20210415.113400','22','20210415.113400','22');
Insert into TEAM4_202012M.BUY (BUY_SEQ,MENU_SEQ,BUY_CNT,IN_DATE,IN_USER_ID,UP_DATE,UP_USER_ID) values (461,2,1,'20210415.113400','22','20210415.113400','22');
Insert into TEAM4_202012M.BUY (BUY_SEQ,MENU_SEQ,BUY_CNT,IN_DATE,IN_USER_ID,UP_DATE,UP_USER_ID) values (461,5,1,'20210415.113400','22','20210415.113400','22');
Insert into TEAM4_202012M.BUY (BUY_SEQ,MENU_SEQ,BUY_CNT,IN_DATE,IN_USER_ID,UP_DATE,UP_USER_ID) values (461,1,1,'20210415.113400','22','20210415.113400','22');
Insert into TEAM4_202012M.BUY (BUY_SEQ,MENU_SEQ,BUY_CNT,IN_DATE,IN_USER_ID,UP_DATE,UP_USER_ID) values (462,4,2,'20210415.113439','22','20210415.113439','22');
Insert into TEAM4_202012M.BUY (BUY_SEQ,MENU_SEQ,BUY_CNT,IN_DATE,IN_USER_ID,UP_DATE,UP_USER_ID) values (462,7,2,'20210415.113439','22','20210415.113439','22');
Insert into TEAM4_202012M.BUY (BUY_SEQ,MENU_SEQ,BUY_CNT,IN_DATE,IN_USER_ID,UP_DATE,UP_USER_ID) values (462,2,2,'20210415.113439','22','20210415.113439','22');
Insert into TEAM4_202012M.BUY (BUY_SEQ,MENU_SEQ,BUY_CNT,IN_DATE,IN_USER_ID,UP_DATE,UP_USER_ID) values (462,5,2,'20210415.113439','22','20210415.113439','22');
Insert into TEAM4_202012M.BUY (BUY_SEQ,MENU_SEQ,BUY_CNT,IN_DATE,IN_USER_ID,UP_DATE,UP_USER_ID) values (462,1,1,'20210415.113439','22','20210415.113439','22');
Insert into TEAM4_202012M.BUY (BUY_SEQ,MENU_SEQ,BUY_CNT,IN_DATE,IN_USER_ID,UP_DATE,UP_USER_ID) values (462,3,2,'20210415.113439','22','20210415.113439','22');
Insert into TEAM4_202012M.BUY (BUY_SEQ,MENU_SEQ,BUY_CNT,IN_DATE,IN_USER_ID,UP_DATE,UP_USER_ID) values (462,8,2,'20210415.113439','22','20210415.113439','22');
Insert into TEAM4_202012M.BUY (BUY_SEQ,MENU_SEQ,BUY_CNT,IN_DATE,IN_USER_ID,UP_DATE,UP_USER_ID) values (462,6,1,'20210415.113439','22','20210415.113439','22');
Insert into TEAM4_202012M.BUY (BUY_SEQ,MENU_SEQ,BUY_CNT,IN_DATE,IN_USER_ID,UP_DATE,UP_USER_ID) values (463,23,3,'20210415.113538','22','20210415.113538','22');
Insert into TEAM4_202012M.BUY (BUY_SEQ,MENU_SEQ,BUY_CNT,IN_DATE,IN_USER_ID,UP_DATE,UP_USER_ID) values (463,26,2,'20210415.113538','22','20210415.113538','22');
Insert into TEAM4_202012M.BUY (BUY_SEQ,MENU_SEQ,BUY_CNT,IN_DATE,IN_USER_ID,UP_DATE,UP_USER_ID) values (463,21,2,'20210415.113538','22','20210415.113538','22');
Insert into TEAM4_202012M.BUY (BUY_SEQ,MENU_SEQ,BUY_CNT,IN_DATE,IN_USER_ID,UP_DATE,UP_USER_ID) values (463,25,2,'20210415.113538','22','20210415.113538','22');
Insert into TEAM4_202012M.BUY (BUY_SEQ,MENU_SEQ,BUY_CNT,IN_DATE,IN_USER_ID,UP_DATE,UP_USER_ID) values (463,22,1,'20210415.113538','22','20210415.113538','22');
Insert into TEAM4_202012M.BUY (BUY_SEQ,MENU_SEQ,BUY_CNT,IN_DATE,IN_USER_ID,UP_DATE,UP_USER_ID) values (463,24,11,'20210415.113538','22','20210415.113538','22');
Insert into TEAM4_202012M.BUY (BUY_SEQ,MENU_SEQ,BUY_CNT,IN_DATE,IN_USER_ID,UP_DATE,UP_USER_ID) values (463,28,2,'20210415.113538','22','20210415.113538','22');
Insert into TEAM4_202012M.BUY (BUY_SEQ,MENU_SEQ,BUY_CNT,IN_DATE,IN_USER_ID,UP_DATE,UP_USER_ID) values (463,27,1,'20210415.113538','22','20210415.113538','22');
Insert into TEAM4_202012M.BUY (BUY_SEQ,MENU_SEQ,BUY_CNT,IN_DATE,IN_USER_ID,UP_DATE,UP_USER_ID) values (283,56,2,'20210413.193604','104','20210413.193604','104');
Insert into TEAM4_202012M.BUY (BUY_SEQ,MENU_SEQ,BUY_CNT,IN_DATE,IN_USER_ID,UP_DATE,UP_USER_ID) values (284,60,2,'20210413.193811','104','20210413.193811','104');
Insert into TEAM4_202012M.BUY (BUY_SEQ,MENU_SEQ,BUY_CNT,IN_DATE,IN_USER_ID,UP_DATE,UP_USER_ID) values (283,53,1,'20210413.193604','104','20210413.193604','104');
Insert into TEAM4_202012M.BUY (BUY_SEQ,MENU_SEQ,BUY_CNT,IN_DATE,IN_USER_ID,UP_DATE,UP_USER_ID) values (283,62,1,'20210413.193604','104','20210413.193604','104');
Insert into TEAM4_202012M.BUY (BUY_SEQ,MENU_SEQ,BUY_CNT,IN_DATE,IN_USER_ID,UP_DATE,UP_USER_ID) values (283,64,1,'20210413.193604','104','20210413.193604','104');
Insert into TEAM4_202012M.BUY (BUY_SEQ,MENU_SEQ,BUY_CNT,IN_DATE,IN_USER_ID,UP_DATE,UP_USER_ID) values (283,74,1,'20210413.193604','104','20210413.193604','104');
Insert into TEAM4_202012M.BUY (BUY_SEQ,MENU_SEQ,BUY_CNT,IN_DATE,IN_USER_ID,UP_DATE,UP_USER_ID) values (283,68,1,'20210413.193605','104','20210413.193605','104');
Insert into TEAM4_202012M.BUY (BUY_SEQ,MENU_SEQ,BUY_CNT,IN_DATE,IN_USER_ID,UP_DATE,UP_USER_ID) values (284,53,2,'20210413.193811','104','20210413.193811','104');
Insert into TEAM4_202012M.BUY (BUY_SEQ,MENU_SEQ,BUY_CNT,IN_DATE,IN_USER_ID,UP_DATE,UP_USER_ID) values (284,57,3,'20210413.193811','104','20210413.193811','104');
Insert into TEAM4_202012M.BUY (BUY_SEQ,MENU_SEQ,BUY_CNT,IN_DATE,IN_USER_ID,UP_DATE,UP_USER_ID) values (284,61,2,'20210413.193811','104','20210413.193811','104');
Insert into TEAM4_202012M.BUY (BUY_SEQ,MENU_SEQ,BUY_CNT,IN_DATE,IN_USER_ID,UP_DATE,UP_USER_ID) values (284,66,4,'20210413.193811','104','20210413.193811','104');
Insert into TEAM4_202012M.BUY (BUY_SEQ,MENU_SEQ,BUY_CNT,IN_DATE,IN_USER_ID,UP_DATE,UP_USER_ID) values (284,65,1,'20210413.193811','104','20210413.193811','104');
Insert into TEAM4_202012M.BUY (BUY_SEQ,MENU_SEQ,BUY_CNT,IN_DATE,IN_USER_ID,UP_DATE,UP_USER_ID) values (284,64,1,'20210413.193811','104','20210413.193811','104');
Insert into TEAM4_202012M.BUY (BUY_SEQ,MENU_SEQ,BUY_CNT,IN_DATE,IN_USER_ID,UP_DATE,UP_USER_ID) values (284,67,1,'20210413.193811','104','20210413.193811','104');
Insert into TEAM4_202012M.BUY (BUY_SEQ,MENU_SEQ,BUY_CNT,IN_DATE,IN_USER_ID,UP_DATE,UP_USER_ID) values (284,74,1,'20210413.193811','104','20210413.193811','104');
Insert into TEAM4_202012M.BUY (BUY_SEQ,MENU_SEQ,BUY_CNT,IN_DATE,IN_USER_ID,UP_DATE,UP_USER_ID) values (284,70,1,'20210413.193811','104','20210413.193811','104');
Insert into TEAM4_202012M.BUY (BUY_SEQ,MENU_SEQ,BUY_CNT,IN_DATE,IN_USER_ID,UP_DATE,UP_USER_ID) values (166,3,3,'20210413.153413','22','20210413.153413','22');
Insert into TEAM4_202012M.BUY (BUY_SEQ,MENU_SEQ,BUY_CNT,IN_DATE,IN_USER_ID,UP_DATE,UP_USER_ID) values (166,6,2,'20210413.153413','22','20210413.153413','22');
Insert into TEAM4_202012M.BUY (BUY_SEQ,MENU_SEQ,BUY_CNT,IN_DATE,IN_USER_ID,UP_DATE,UP_USER_ID) values (166,7,1,'20210413.153413','22','20210413.153413','22');
Insert into TEAM4_202012M.BUY (BUY_SEQ,MENU_SEQ,BUY_CNT,IN_DATE,IN_USER_ID,UP_DATE,UP_USER_ID) values (166,8,4,'20210413.153413','22','20210413.153413','22');
Insert into TEAM4_202012M.BUY (BUY_SEQ,MENU_SEQ,BUY_CNT,IN_DATE,IN_USER_ID,UP_DATE,UP_USER_ID) values (181,4,2,'20210413.153531','22','20210413.153531','22');
Insert into TEAM4_202012M.BUY (BUY_SEQ,MENU_SEQ,BUY_CNT,IN_DATE,IN_USER_ID,UP_DATE,UP_USER_ID) values (181,3,3,'20210413.153531','22','20210413.153531','22');
Insert into TEAM4_202012M.BUY (BUY_SEQ,MENU_SEQ,BUY_CNT,IN_DATE,IN_USER_ID,UP_DATE,UP_USER_ID) values (181,7,2,'20210413.153531','22','20210413.153531','22');
Insert into TEAM4_202012M.BUY (BUY_SEQ,MENU_SEQ,BUY_CNT,IN_DATE,IN_USER_ID,UP_DATE,UP_USER_ID) values (181,1,1,'20210413.153531','22','20210413.153531','22');
Insert into TEAM4_202012M.BUY (BUY_SEQ,MENU_SEQ,BUY_CNT,IN_DATE,IN_USER_ID,UP_DATE,UP_USER_ID) values (182,7,3,'20210413.153637','22','20210413.153637','22');
Insert into TEAM4_202012M.BUY (BUY_SEQ,MENU_SEQ,BUY_CNT,IN_DATE,IN_USER_ID,UP_DATE,UP_USER_ID) values (182,2,2,'20210413.153637','22','20210413.153637','22');
Insert into TEAM4_202012M.BUY (BUY_SEQ,MENU_SEQ,BUY_CNT,IN_DATE,IN_USER_ID,UP_DATE,UP_USER_ID) values (182,3,1,'20210413.153637','22','20210413.153637','22');
Insert into TEAM4_202012M.BUY (BUY_SEQ,MENU_SEQ,BUY_CNT,IN_DATE,IN_USER_ID,UP_DATE,UP_USER_ID) values (182,4,2,'20210413.153637','22','20210413.153637','22');
Insert into TEAM4_202012M.BUY (BUY_SEQ,MENU_SEQ,BUY_CNT,IN_DATE,IN_USER_ID,UP_DATE,UP_USER_ID) values (182,8,3,'20210413.153637','22','20210413.153637','22');
Insert into TEAM4_202012M.BUY (BUY_SEQ,MENU_SEQ,BUY_CNT,IN_DATE,IN_USER_ID,UP_DATE,UP_USER_ID) values (262,3,4,'20210413.171116','22','20210413.171116','22');
Insert into TEAM4_202012M.BUY (BUY_SEQ,MENU_SEQ,BUY_CNT,IN_DATE,IN_USER_ID,UP_DATE,UP_USER_ID) values (262,1,1,'20210413.171117','22','20210413.171117','22');
Insert into TEAM4_202012M.BUY (BUY_SEQ,MENU_SEQ,BUY_CNT,IN_DATE,IN_USER_ID,UP_DATE,UP_USER_ID) values (262,2,1,'20210413.171117','22','20210413.171117','22');
Insert into TEAM4_202012M.BUY (BUY_SEQ,MENU_SEQ,BUY_CNT,IN_DATE,IN_USER_ID,UP_DATE,UP_USER_ID) values (262,6,1,'20210413.171117','22','20210413.171117','22');
Insert into TEAM4_202012M.BUY (BUY_SEQ,MENU_SEQ,BUY_CNT,IN_DATE,IN_USER_ID,UP_DATE,UP_USER_ID) values (262,7,1,'20210413.171117','22','20210413.171117','22');
Insert into TEAM4_202012M.BUY (BUY_SEQ,MENU_SEQ,BUY_CNT,IN_DATE,IN_USER_ID,UP_DATE,UP_USER_ID) values (421,2,2,'20210415.095548','22','20210415.095548','22');
Insert into TEAM4_202012M.BUY (BUY_SEQ,MENU_SEQ,BUY_CNT,IN_DATE,IN_USER_ID,UP_DATE,UP_USER_ID) values (421,7,1,'20210415.095548','22','20210415.095548','22');
Insert into TEAM4_202012M.BUY (BUY_SEQ,MENU_SEQ,BUY_CNT,IN_DATE,IN_USER_ID,UP_DATE,UP_USER_ID) values (421,6,2,'20210415.095548','22','20210415.095548','22');
Insert into TEAM4_202012M.BUY (BUY_SEQ,MENU_SEQ,BUY_CNT,IN_DATE,IN_USER_ID,UP_DATE,UP_USER_ID) values (422,1,1,'20210415.095648','22','20210415.095648','22');
Insert into TEAM4_202012M.BUY (BUY_SEQ,MENU_SEQ,BUY_CNT,IN_DATE,IN_USER_ID,UP_DATE,UP_USER_ID) values (423,1,1,'20210415.095724','22','20210415.095724','22');
Insert into TEAM4_202012M.BUY (BUY_SEQ,MENU_SEQ,BUY_CNT,IN_DATE,IN_USER_ID,UP_DATE,UP_USER_ID) values (423,5,1,'20210415.095724','22','20210415.095724','22');
Insert into TEAM4_202012M.BUY (BUY_SEQ,MENU_SEQ,BUY_CNT,IN_DATE,IN_USER_ID,UP_DATE,UP_USER_ID) values (423,2,1,'20210415.095724','22','20210415.095724','22');
Insert into TEAM4_202012M.BUY (BUY_SEQ,MENU_SEQ,BUY_CNT,IN_DATE,IN_USER_ID,UP_DATE,UP_USER_ID) values (423,6,1,'20210415.095724','22','20210415.095724','22');
Insert into TEAM4_202012M.BUY (BUY_SEQ,MENU_SEQ,BUY_CNT,IN_DATE,IN_USER_ID,UP_DATE,UP_USER_ID) values (423,3,1,'20210415.095724','22','20210415.095724','22');
Insert into TEAM4_202012M.BUY (BUY_SEQ,MENU_SEQ,BUY_CNT,IN_DATE,IN_USER_ID,UP_DATE,UP_USER_ID) values (423,7,1,'20210415.095724','22','20210415.095724','22');
Insert into TEAM4_202012M.BUY (BUY_SEQ,MENU_SEQ,BUY_CNT,IN_DATE,IN_USER_ID,UP_DATE,UP_USER_ID) values (423,4,1,'20210415.095724','22','20210415.095724','22');
Insert into TEAM4_202012M.BUY (BUY_SEQ,MENU_SEQ,BUY_CNT,IN_DATE,IN_USER_ID,UP_DATE,UP_USER_ID) values (423,8,1,'20210415.095724','22','20210415.095724','22');
Insert into TEAM4_202012M.BUY (BUY_SEQ,MENU_SEQ,BUY_CNT,IN_DATE,IN_USER_ID,UP_DATE,UP_USER_ID) values (423,21,1,'20210415.095724','22','20210415.095724','22');
Insert into TEAM4_202012M.BUY (BUY_SEQ,MENU_SEQ,BUY_CNT,IN_DATE,IN_USER_ID,UP_DATE,UP_USER_ID) values (423,25,1,'20210415.095724','22','20210415.095724','22');
Insert into TEAM4_202012M.BUY (BUY_SEQ,MENU_SEQ,BUY_CNT,IN_DATE,IN_USER_ID,UP_DATE,UP_USER_ID) values (423,22,3,'20210415.095724','22','20210415.095724','22');
Insert into TEAM4_202012M.BUY (BUY_SEQ,MENU_SEQ,BUY_CNT,IN_DATE,IN_USER_ID,UP_DATE,UP_USER_ID) values (423,26,1,'20210415.095724','22','20210415.095724','22');
Insert into TEAM4_202012M.BUY (BUY_SEQ,MENU_SEQ,BUY_CNT,IN_DATE,IN_USER_ID,UP_DATE,UP_USER_ID) values (423,23,5,'20210415.095724','22','20210415.095724','22');
Insert into TEAM4_202012M.BUY (BUY_SEQ,MENU_SEQ,BUY_CNT,IN_DATE,IN_USER_ID,UP_DATE,UP_USER_ID) values (423,27,1,'20210415.095724','22','20210415.095724','22');
Insert into TEAM4_202012M.BUY (BUY_SEQ,MENU_SEQ,BUY_CNT,IN_DATE,IN_USER_ID,UP_DATE,UP_USER_ID) values (423,24,1,'20210415.095724','22','20210415.095724','22');
Insert into TEAM4_202012M.BUY (BUY_SEQ,MENU_SEQ,BUY_CNT,IN_DATE,IN_USER_ID,UP_DATE,UP_USER_ID) values (423,28,1,'20210415.095724','22','20210415.095724','22');
Insert into TEAM4_202012M.BUY (BUY_SEQ,MENU_SEQ,BUY_CNT,IN_DATE,IN_USER_ID,UP_DATE,UP_USER_ID) values (521,4,1,'20210415.172038','22','20210415.172038','22');
Insert into TEAM4_202012M.BUY (BUY_SEQ,MENU_SEQ,BUY_CNT,IN_DATE,IN_USER_ID,UP_DATE,UP_USER_ID) values (521,8,1,'20210415.172038','22','20210415.172038','22');
Insert into TEAM4_202012M.BUY (BUY_SEQ,MENU_SEQ,BUY_CNT,IN_DATE,IN_USER_ID,UP_DATE,UP_USER_ID) values (521,7,2,'20210415.172038','22','20210415.172038','22');
Insert into TEAM4_202012M.BUY (BUY_SEQ,MENU_SEQ,BUY_CNT,IN_DATE,IN_USER_ID,UP_DATE,UP_USER_ID) values (521,3,1,'20210415.172038','22','20210415.172038','22');
Insert into TEAM4_202012M.BUY (BUY_SEQ,MENU_SEQ,BUY_CNT,IN_DATE,IN_USER_ID,UP_DATE,UP_USER_ID) values (542,3,1,'20210415.192213','22','20210415.192213','22');
Insert into TEAM4_202012M.BUY (BUY_SEQ,MENU_SEQ,BUY_CNT,IN_DATE,IN_USER_ID,UP_DATE,UP_USER_ID) values (542,7,1,'20210415.192213','22','20210415.192213','22');
Insert into TEAM4_202012M.BUY (BUY_SEQ,MENU_SEQ,BUY_CNT,IN_DATE,IN_USER_ID,UP_DATE,UP_USER_ID) values (542,8,1,'20210415.192213','22','20210415.192213','22');
Insert into TEAM4_202012M.BUY (BUY_SEQ,MENU_SEQ,BUY_CNT,IN_DATE,IN_USER_ID,UP_DATE,UP_USER_ID) values (543,4,1,'20210415.192253','22','20210415.192253','22');
Insert into TEAM4_202012M.BUY (BUY_SEQ,MENU_SEQ,BUY_CNT,IN_DATE,IN_USER_ID,UP_DATE,UP_USER_ID) values (543,23,1,'20210415.192253','22','20210415.192253','22');
Insert into TEAM4_202012M.BUY (BUY_SEQ,MENU_SEQ,BUY_CNT,IN_DATE,IN_USER_ID,UP_DATE,UP_USER_ID) values (543,28,1,'20210415.192253','22','20210415.192253','22');
Insert into TEAM4_202012M.BUY (BUY_SEQ,MENU_SEQ,BUY_CNT,IN_DATE,IN_USER_ID,UP_DATE,UP_USER_ID) values (543,27,1,'20210415.192253','22','20210415.192253','22');
Insert into TEAM4_202012M.BUY (BUY_SEQ,MENU_SEQ,BUY_CNT,IN_DATE,IN_USER_ID,UP_DATE,UP_USER_ID) values (543,22,1,'20210415.192253','22','20210415.192253','22');
Insert into TEAM4_202012M.BUY (BUY_SEQ,MENU_SEQ,BUY_CNT,IN_DATE,IN_USER_ID,UP_DATE,UP_USER_ID) values (544,23,1,'20210415.192312','22','20210415.192312','22');
Insert into TEAM4_202012M.BUY (BUY_SEQ,MENU_SEQ,BUY_CNT,IN_DATE,IN_USER_ID,UP_DATE,UP_USER_ID) values (544,24,1,'20210415.192312','22','20210415.192312','22');
Insert into TEAM4_202012M.BUY (BUY_SEQ,MENU_SEQ,BUY_CNT,IN_DATE,IN_USER_ID,UP_DATE,UP_USER_ID) values (544,28,1,'20210415.192312','22','20210415.192312','22');
Insert into TEAM4_202012M.BUY (BUY_SEQ,MENU_SEQ,BUY_CNT,IN_DATE,IN_USER_ID,UP_DATE,UP_USER_ID) values (544,27,1,'20210415.192313','22','20210415.192313','22');
Insert into TEAM4_202012M.BUY (BUY_SEQ,MENU_SEQ,BUY_CNT,IN_DATE,IN_USER_ID,UP_DATE,UP_USER_ID) values (544,22,1,'20210415.192313','22','20210415.192313','22');
Insert into TEAM4_202012M.BUY (BUY_SEQ,MENU_SEQ,BUY_CNT,IN_DATE,IN_USER_ID,UP_DATE,UP_USER_ID) values (544,26,1,'20210415.192313','22','20210415.192313','22');
REM INSERTING into TEAM4_202012M.CATEGORY
SET DEFINE OFF;
Insert into TEAM4_202012M.CATEGORY (CATE_SEQ,OWNER_SEQ,CATE_NAME,CATE_CONTENT,CATE_DISPLAY_YN,ATTACH_PATH,ATTACH_FILE,IN_DATE,IN_USER_ID,UP_DATE,UP_USER_ID) values (61,26,'123','123','y','/uploads/26','202104121701160.7141175728797128.jpg','20210411.170138','in_user_id','20210412.170123','26');
Insert into TEAM4_202012M.CATEGORY (CATE_SEQ,OWNER_SEQ,CATE_NAME,CATE_CONTENT,CATE_DISPLAY_YN,ATTACH_PATH,ATTACH_FILE,IN_DATE,IN_USER_ID,UP_DATE,UP_USER_ID) values (21,1,'66','1','n',null,null,'20210409.135117','1','20210412.044119','1');
Insert into TEAM4_202012M.CATEGORY (CATE_SEQ,OWNER_SEQ,CATE_NAME,CATE_CONTENT,CATE_DISPLAY_YN,ATTACH_PATH,ATTACH_FILE,IN_DATE,IN_USER_ID,UP_DATE,UP_USER_ID) values (81,41,'123','123','y','/uploads/41','202104111738080.5957074139021944','20210411.173808','41','20210411.173808','41');
Insert into TEAM4_202012M.CATEGORY (CATE_SEQ,OWNER_SEQ,CATE_NAME,CATE_CONTENT,CATE_DISPLAY_YN,ATTACH_PATH,ATTACH_FILE,IN_DATE,IN_USER_ID,UP_DATE,UP_USER_ID) values (241,121,'도너츠_Dunkin','도너츠','y',null,null,'20210413.135432','121','20210413.184841','121');
Insert into TEAM4_202012M.CATEGORY (CATE_SEQ,OWNER_SEQ,CATE_NAME,CATE_CONTENT,CATE_DISPLAY_YN,ATTACH_PATH,ATTACH_FILE,IN_DATE,IN_USER_ID,UP_DATE,UP_USER_ID) values (321,161,'아시아','아시아','y',null,null,'20210415.164005','161','20210415.164005','161');
Insert into TEAM4_202012M.CATEGORY (CATE_SEQ,OWNER_SEQ,CATE_NAME,CATE_CONTENT,CATE_DISPLAY_YN,ATTACH_PATH,ATTACH_FILE,IN_DATE,IN_USER_ID,UP_DATE,UP_USER_ID) values (322,161,'유럽','유럽','y',null,null,'20210415.164022','161','20210415.164022','161');
Insert into TEAM4_202012M.CATEGORY (CATE_SEQ,OWNER_SEQ,CATE_NAME,CATE_CONTENT,CATE_DISPLAY_YN,ATTACH_PATH,ATTACH_FILE,IN_DATE,IN_USER_ID,UP_DATE,UP_USER_ID) values (323,161,'남아메리카','남아메리카','y',null,null,'20210415.164036','161','20210415.164240','161');
Insert into TEAM4_202012M.CATEGORY (CATE_SEQ,OWNER_SEQ,CATE_NAME,CATE_CONTENT,CATE_DISPLAY_YN,ATTACH_PATH,ATTACH_FILE,IN_DATE,IN_USER_ID,UP_DATE,UP_USER_ID) values (324,161,'북아메리카','북아메리카','y',null,null,'20210415.164045','161','20210415.164232','161');
Insert into TEAM4_202012M.CATEGORY (CATE_SEQ,OWNER_SEQ,CATE_NAME,CATE_CONTENT,CATE_DISPLAY_YN,ATTACH_PATH,ATTACH_FILE,IN_DATE,IN_USER_ID,UP_DATE,UP_USER_ID) values (325,161,'아프리카','아프리카','y',null,null,'20210415.164053','161','20210415.164053','161');
Insert into TEAM4_202012M.CATEGORY (CATE_SEQ,OWNER_SEQ,CATE_NAME,CATE_CONTENT,CATE_DISPLAY_YN,ATTACH_PATH,ATTACH_FILE,IN_DATE,IN_USER_ID,UP_DATE,UP_USER_ID) values (326,161,'오세아니아','오세아니아','y',null,null,'20210415.164133','161','20210415.164133','161');
Insert into TEAM4_202012M.CATEGORY (CATE_SEQ,OWNER_SEQ,CATE_NAME,CATE_CONTENT,CATE_DISPLAY_YN,ATTACH_PATH,ATTACH_FILE,IN_DATE,IN_USER_ID,UP_DATE,UP_USER_ID) values (221,61,'치킨','맛있는 치킨','y','/uploads/61','202104121904460.45291310247093475.png','20210412.190447','61','20210412.190447','61');
Insert into TEAM4_202012M.CATEGORY (CATE_SEQ,OWNER_SEQ,CATE_NAME,CATE_CONTENT,CATE_DISPLAY_YN,ATTACH_PATH,ATTACH_FILE,IN_DATE,IN_USER_ID,UP_DATE,UP_USER_ID) values (201,61,'버거','맛있는 햄버거','y','/uploads/61','202104121904160.44926127865114884.png','20210412.141118','61','20210412.190417','61');
Insert into TEAM4_202012M.CATEGORY (CATE_SEQ,OWNER_SEQ,CATE_NAME,CATE_CONTENT,CATE_DISPLAY_YN,ATTACH_PATH,ATTACH_FILE,IN_DATE,IN_USER_ID,UP_DATE,UP_USER_ID) values (222,61,'사이드','맛있는 사이드','y','/uploads/61','202104121908430.6021500998035602.png','20210412.190843','61','20210412.190843','61');
Insert into TEAM4_202012M.CATEGORY (CATE_SEQ,OWNER_SEQ,CATE_NAME,CATE_CONTENT,CATE_DISPLAY_YN,ATTACH_PATH,ATTACH_FILE,IN_DATE,IN_USER_ID,UP_DATE,UP_USER_ID) values (161,22,'콜드브루 커피','뜨거운 물이 아닌 차가운 물을 이용하여 오랜 시간을 들여서 우려내는 커피','y',null,null,'20210412.134106','22','20210413.195351','22');
Insert into TEAM4_202012M.CATEGORY (CATE_SEQ,OWNER_SEQ,CATE_NAME,CATE_CONTENT,CATE_DISPLAY_YN,ATTACH_PATH,ATTACH_FILE,IN_DATE,IN_USER_ID,UP_DATE,UP_USER_ID) values (101,41,'ㅁㄴㅇㄹ','ㅁㄴㅇㄹㅁㄴㅇㄹ','y','/uploads/41','202104111800590.9230716366975871','20210411.180059','41','20210411.180059','41');
Insert into TEAM4_202012M.CATEGORY (CATE_SEQ,OWNER_SEQ,CATE_NAME,CATE_CONTENT,CATE_DISPLAY_YN,ATTACH_PATH,ATTACH_FILE,IN_DATE,IN_USER_ID,UP_DATE,UP_USER_ID) values (141,1,'hey','hey','n',null,null,'20210412.112752','1','20210412.042846','1');
Insert into TEAM4_202012M.CATEGORY (CATE_SEQ,OWNER_SEQ,CATE_NAME,CATE_CONTENT,CATE_DISPLAY_YN,ATTACH_PATH,ATTACH_FILE,IN_DATE,IN_USER_ID,UP_DATE,UP_USER_ID) values (162,22,'브루드 커피',null,'n',null,null,'20210412.134156','22','20210414.183500','22');
Insert into TEAM4_202012M.CATEGORY (CATE_SEQ,OWNER_SEQ,CATE_NAME,CATE_CONTENT,CATE_DISPLAY_YN,ATTACH_PATH,ATTACH_FILE,IN_DATE,IN_USER_ID,UP_DATE,UP_USER_ID) values (163,22,'에스프레소',null,'y',null,null,'20210412.134206','22','20210414.183326','22');
Insert into TEAM4_202012M.CATEGORY (CATE_SEQ,OWNER_SEQ,CATE_NAME,CATE_CONTENT,CATE_DISPLAY_YN,ATTACH_PATH,ATTACH_FILE,IN_DATE,IN_USER_ID,UP_DATE,UP_USER_ID) values (223,104,'피자','파파존스 피자 카테고리','y','/uploads/104','202104121924350.6241124034563927.png','20210412.192442','104','20210413.154025','104');
Insert into TEAM4_202012M.CATEGORY (CATE_SEQ,OWNER_SEQ,CATE_NAME,CATE_CONTENT,CATE_DISPLAY_YN,ATTACH_PATH,ATTACH_FILE,IN_DATE,IN_USER_ID,UP_DATE,UP_USER_ID) values (226,104,'음료','음료와 함께 먹으면 피자맛이 두배!!','y','/uploads/104','202104121927410.5752553867584601.png','20210412.192748','104','20210412.192748','104');
Insert into TEAM4_202012M.CATEGORY (CATE_SEQ,OWNER_SEQ,CATE_NAME,CATE_CONTENT,CATE_DISPLAY_YN,ATTACH_PATH,ATTACH_FILE,IN_DATE,IN_USER_ID,UP_DATE,UP_USER_ID) values (225,104,'사이드','피자만 먹기 아쉽다면 맛있는 사이드 메뉴와 함께해요!!','y','/uploads/104','202104121932340.5643936034647714.png','20210412.193241','104','20210412.193241','104');
REM INSERTING into TEAM4_202012M.EVENT
SET DEFINE OFF;
Insert into TEAM4_202012M.EVENT (EVENT_SEQ,OWNER_SEQ,EVENT_TITLE,EVENT_CONTENT,EVENT_START,EVENT_END,ATTACH_PATH,ATTACH_FILE,IN_DATE,IN_USER_ID,UP_DATE,UP_USER_ID) values (402,61,'통새우버거 출시 기념 무료 세트업 이벤트 안내','통새우버거 단품 주문시 세트업!',to_date('2021/04/10','RRRR/MM/DD'),to_date('2021/05/05','RRRR/MM/DD'),'W:/uploads/61','202104121929200.1844389826951448.png','20210412.072921',null,'20210412.072921',null);
Insert into TEAM4_202012M.EVENT (EVENT_SEQ,OWNER_SEQ,EVENT_TITLE,EVENT_CONTENT,EVENT_START,EVENT_END,ATTACH_PATH,ATTACH_FILE,IN_DATE,IN_USER_ID,UP_DATE,UP_USER_ID) values (403,61,'버거세트 4종 할인 이벤트 안내','싸이버거, 인크레더블버거, 언블리버블버거, 통새우버거 할인~!',to_date('2021/04/08','RRRR/MM/DD'),to_date('2021/04/30','RRRR/MM/DD'),'W:/uploads/61','202104121930080.5808236742845128.png','20210412.073009',null,'20210412.073009',null);
Insert into TEAM4_202012M.EVENT (EVENT_SEQ,OWNER_SEQ,EVENT_TITLE,EVENT_CONTENT,EVENT_START,EVENT_END,ATTACH_PATH,ATTACH_FILE,IN_DATE,IN_USER_ID,UP_DATE,UP_USER_ID) values (361,22,'스타벅스 리워드','스타벅스 리워드',to_date('2021/04/15','RRRR/MM/DD'),to_date('2021/04/22','RRRR/MM/DD'),'W:/uploads/22','202104121213570.8057434950103374.jpg','20210412.121356',null,'20210412.121356',null);
Insert into TEAM4_202012M.EVENT (EVENT_SEQ,OWNER_SEQ,EVENT_TITLE,EVENT_CONTENT,EVENT_START,EVENT_END,ATTACH_PATH,ATTACH_FILE,IN_DATE,IN_USER_ID,UP_DATE,UP_USER_ID) values (321,41,'싸이버거 50%할인','싸이버거 50%할인',to_date('2021/04/11','RRRR/MM/DD'),to_date('2021/04/13','RRRR/MM/DD'),'W:/uploads/41','202104121014060.03737076408414475.jpg','20210412.101352',null,'20210412.101406','up_user_id');
Insert into TEAM4_202012M.EVENT (EVENT_SEQ,OWNER_SEQ,EVENT_TITLE,EVENT_CONTENT,EVENT_START,EVENT_END,ATTACH_PATH,ATTACH_FILE,IN_DATE,IN_USER_ID,UP_DATE,UP_USER_ID) values (401,22,'서머1 음료 Tri-Star Dash',null,to_date('2021/04/13','RRRR/MM/DD'),to_date('2021/04/26','RRRR/MM/DD'),'W:/uploads/22','202104121841170.7345222167330322.jpg','20210412.064118',null,'20210414.063516','za_or@naver.com');
Insert into TEAM4_202012M.EVENT (EVENT_SEQ,OWNER_SEQ,EVENT_TITLE,EVENT_CONTENT,EVENT_START,EVENT_END,ATTACH_PATH,ATTACH_FILE,IN_DATE,IN_USER_ID,UP_DATE,UP_USER_ID) values (421,121,'이벤트확인','테스트',to_date('2021/04/11','RRRR/MM/DD'),to_date('2021/04/21','RRRR/MM/DD'),'W:/uploads/121','202104131355430.15567004138368.jpg','20210413.015543',null,'20210413.015753','up_user_id');
Insert into TEAM4_202012M.EVENT (EVENT_SEQ,OWNER_SEQ,EVENT_TITLE,EVENT_CONTENT,EVENT_START,EVENT_END,ATTACH_PATH,ATTACH_FILE,IN_DATE,IN_USER_ID,UP_DATE,UP_USER_ID) values (301,41,'asdfasdf','asdfasdf',to_date('2021/04/05','RRRR/MM/DD'),to_date('2021/04/14','RRRR/MM/DD'),null,null,'20210412.095135',null,'20210412.101730','up_user_id');
REM INSERTING into TEAM4_202012M.MENU
SET DEFINE OFF;
Insert into TEAM4_202012M.MENU (MENU_SEQ,OWNER_SEQ,CATE_SEQ,MENU_NAME,MENU_PRICE,MENU_CONTENT,MENU_DISPLAY_YN,ATTACH_PATH,ATTACH_FILE,IN_DATE,IN_USER_ID,UP_DATE,UP_USER_ID) values (4,22,161,'돌체 콜드 브루',5400,'돌체 콜드 브루','y','/uploads/22','202104121706360.26467290714872915.jpg','20210412.170636','22','20210412.170636','22');
Insert into TEAM4_202012M.MENU (MENU_SEQ,OWNER_SEQ,CATE_SEQ,MENU_NAME,MENU_PRICE,MENU_CONTENT,MENU_DISPLAY_YN,ATTACH_PATH,ATTACH_FILE,IN_DATE,IN_USER_ID,UP_DATE,UP_USER_ID) values (5,22,161,'비자림 콜드 브루',6500,'제주 비자림 콜드 브루','y','/uploads/22','202104121707020.11634966776355082.jpg','20210412.170702','22','20210412.195806','22');
Insert into TEAM4_202012M.MENU (MENU_SEQ,OWNER_SEQ,CATE_SEQ,MENU_NAME,MENU_PRICE,MENU_CONTENT,MENU_DISPLAY_YN,ATTACH_PATH,ATTACH_FILE,IN_DATE,IN_USER_ID,UP_DATE,UP_USER_ID) values (6,22,161,'콜드 브루 몰트',6500,'콜드 브루 몰트','y','/uploads/22','202104121707340.8474144357037593.jpg','20210412.170733','22','20210412.170733','22');
Insert into TEAM4_202012M.MENU (MENU_SEQ,OWNER_SEQ,CATE_SEQ,MENU_NAME,MENU_PRICE,MENU_CONTENT,MENU_DISPLAY_YN,ATTACH_PATH,ATTACH_FILE,IN_DATE,IN_USER_ID,UP_DATE,UP_USER_ID) values (7,22,161,' 콜드 브루 플로트',6500,'콜드 브루 플로트','y','/uploads/22','202104121707590.1486329872979355.jpg','20210412.170758','22','20210412.170758','22');
Insert into TEAM4_202012M.MENU (MENU_SEQ,OWNER_SEQ,CATE_SEQ,MENU_NAME,MENU_PRICE,MENU_CONTENT,MENU_DISPLAY_YN,ATTACH_PATH,ATTACH_FILE,IN_DATE,IN_USER_ID,UP_DATE,UP_USER_ID) values (8,22,161,' 포레스트 콜드 브루',6000,'포레스트 콜드 브루','y','/uploads/22','202104121709030.7621289311419742.jpg','20210412.170902','22','20210412.170902','22');
Insert into TEAM4_202012M.MENU (MENU_SEQ,OWNER_SEQ,CATE_SEQ,MENU_NAME,MENU_PRICE,MENU_CONTENT,MENU_DISPLAY_YN,ATTACH_PATH,ATTACH_FILE,IN_DATE,IN_USER_ID,UP_DATE,UP_USER_ID) values (2,22,161,'다크 모카 나이트로',5000,'벨벳 다크 모카 나이트로','y','/uploads/22','202104121705280.7951548508909726.jpg','20210412.170529','22','20210412.195724','22');
Insert into TEAM4_202012M.MENU (MENU_SEQ,OWNER_SEQ,CATE_SEQ,MENU_NAME,MENU_PRICE,MENU_CONTENT,MENU_DISPLAY_YN,ATTACH_PATH,ATTACH_FILE,IN_DATE,IN_USER_ID,UP_DATE,UP_USER_ID) values (3,22,161,'미드나잇 콜드브루',6000,' 미드나잇 베르가못 콜드 브루','y','/uploads/22','202104121705510.38787658245233425.jpg','20210412.170550','22','20210412.195745','22');
Insert into TEAM4_202012M.MENU (MENU_SEQ,OWNER_SEQ,CATE_SEQ,MENU_NAME,MENU_PRICE,MENU_CONTENT,MENU_DISPLAY_YN,ATTACH_PATH,ATTACH_FILE,IN_DATE,IN_USER_ID,UP_DATE,UP_USER_ID) values (53,104,223,'슈퍼 파파스 피자',26500,'고기와 야채가 듬뿍 토핑된 파파존스의 명품 피자','y','/uploads/104','202104121933420.9839049624953031.png','20210412.193349','104','20210413.154058','104');
Insert into TEAM4_202012M.MENU (MENU_SEQ,OWNER_SEQ,CATE_SEQ,MENU_NAME,MENU_PRICE,MENU_CONTENT,MENU_DISPLAY_YN,ATTACH_PATH,ATTACH_FILE,IN_DATE,IN_USER_ID,UP_DATE,UP_USER_ID) values (54,104,223,'핫 앤 스파이시 멕시칸 피자',25500,'멕시칸 할라페뇨와 고소한 치즈의 화끈한 만남','y','/uploads/104','202104121934460.7402977387764592.png','20210412.193453','104','20210413.153939','104');
Insert into TEAM4_202012M.MENU (MENU_SEQ,OWNER_SEQ,CATE_SEQ,MENU_NAME,MENU_PRICE,MENU_CONTENT,MENU_DISPLAY_YN,ATTACH_PATH,ATTACH_FILE,IN_DATE,IN_USER_ID,UP_DATE,UP_USER_ID) values (55,104,223,'페퍼로니 피자',23500,'단순해서 더 빠져드는 매력 쫄깃쫄깃한 페퍼로니 소시지와 고소한 치즈의 만남','y','/uploads/104','202104121935370.4389577473626407.png','20210412.193544','104','20210412.193544','104');
Insert into TEAM4_202012M.MENU (MENU_SEQ,OWNER_SEQ,CATE_SEQ,MENU_NAME,MENU_PRICE,MENU_CONTENT,MENU_DISPLAY_YN,ATTACH_PATH,ATTACH_FILE,IN_DATE,IN_USER_ID,UP_DATE,UP_USER_ID) values (56,104,223,'슈프림 알프레도',31900,'얇고 바삭한 도우와 탱탱한 새우, 부드러운 알프레도 소스가 만드는 풍부한 맛','y','/uploads/104','202104121936190.953457555766458.png','20210412.193627','104','20210412.193627','104');
Insert into TEAM4_202012M.MENU (MENU_SEQ,OWNER_SEQ,CATE_SEQ,MENU_NAME,MENU_PRICE,MENU_CONTENT,MENU_DISPLAY_YN,ATTACH_PATH,ATTACH_FILE,IN_DATE,IN_USER_ID,UP_DATE,UP_USER_ID) values (57,104,223,'스파이시 이탈리안',25500,'듬뿍 들어간 이탈리안 소시지와 크러쉬드 레드페퍼의 매운맛이 어우러진 뛰어난 맛과 향의 피자','y','/uploads/104','202104121937050.14710000971210324.png','20210412.193713','104','20210412.193713','104');
Insert into TEAM4_202012M.MENU (MENU_SEQ,OWNER_SEQ,CATE_SEQ,MENU_NAME,MENU_PRICE,MENU_CONTENT,MENU_DISPLAY_YN,ATTACH_PATH,ATTACH_FILE,IN_DATE,IN_USER_ID,UP_DATE,UP_USER_ID) values (58,104,223,'갈릭 페퍼 스테이크 피자',29500,'두툼한 그릴드 비프와 쫄깃한 스트링 치즈, 갈릭 후레이크가 어우러진 프리미엄 스테이크 피자','y','/uploads/104','202104121938250.8592264665686221.png','20210412.193834','104','20210412.193834','104');
Insert into TEAM4_202012M.MENU (MENU_SEQ,OWNER_SEQ,CATE_SEQ,MENU_NAME,MENU_PRICE,MENU_CONTENT,MENU_DISPLAY_YN,ATTACH_PATH,ATTACH_FILE,IN_DATE,IN_USER_ID,UP_DATE,UP_USER_ID) values (29,61,221,'반반치킨',16000,'맛있는 반반 치킨~!','y','/uploads/61','202104121910400.17720143265836819.png','20210412.191041','61','20210412.191041','61');
Insert into TEAM4_202012M.MENU (MENU_SEQ,OWNER_SEQ,CATE_SEQ,MENU_NAME,MENU_PRICE,MENU_CONTENT,MENU_DISPLAY_YN,ATTACH_PATH,ATTACH_FILE,IN_DATE,IN_USER_ID,UP_DATE,UP_USER_ID) values (30,61,221,'치파오 치킨',17000,'맛있는 치파오 치킨~!','y','/uploads/61','202104121911450.9968296856523724.png','20210412.191146','61','20210412.191146','61');
Insert into TEAM4_202012M.MENU (MENU_SEQ,OWNER_SEQ,CATE_SEQ,MENU_NAME,MENU_PRICE,MENU_CONTENT,MENU_DISPLAY_YN,ATTACH_PATH,ATTACH_FILE,IN_DATE,IN_USER_ID,UP_DATE,UP_USER_ID) values (31,61,221,'맘스양념치킨',17000,'맛있는 맘스 양념치킨~!','y','/uploads/61','202104121912220.6088622000685349.png','20210412.191223','61','20210412.191223','61');
Insert into TEAM4_202012M.MENU (MENU_SEQ,OWNER_SEQ,CATE_SEQ,MENU_NAME,MENU_PRICE,MENU_CONTENT,MENU_DISPLAY_YN,ATTACH_PATH,ATTACH_FILE,IN_DATE,IN_USER_ID,UP_DATE,UP_USER_ID) values (32,61,221,'치즈뿌치',17000,'맛있는 치즈뿌치 치킨~!','y','/uploads/61','202104121913080.5649754013383805.png','20210412.191309','61','20210412.191309','61');
Insert into TEAM4_202012M.MENU (MENU_SEQ,OWNER_SEQ,CATE_SEQ,MENU_NAME,MENU_PRICE,MENU_CONTENT,MENU_DISPLAY_YN,ATTACH_PATH,ATTACH_FILE,IN_DATE,IN_USER_ID,UP_DATE,UP_USER_ID) values (33,61,221,'간장마늘치킨',17000,'맛있는간장마늘치킨~!','y','/uploads/61','202104121914150.06889117143295431.png','20210412.191416','61','20210412.191416','61');
Insert into TEAM4_202012M.MENU (MENU_SEQ,OWNER_SEQ,CATE_SEQ,MENU_NAME,MENU_PRICE,MENU_CONTENT,MENU_DISPLAY_YN,ATTACH_PATH,ATTACH_FILE,IN_DATE,IN_USER_ID,UP_DATE,UP_USER_ID) values (34,61,221,'후라이드치킨',15000,'맛있는후라이드치킨~!','y','/uploads/61','202104121914450.6551796257123446.png','20210412.191445','61','20210412.191445','61');
Insert into TEAM4_202012M.MENU (MENU_SEQ,OWNER_SEQ,CATE_SEQ,MENU_NAME,MENU_PRICE,MENU_CONTENT,MENU_DISPLAY_YN,ATTACH_PATH,ATTACH_FILE,IN_DATE,IN_USER_ID,UP_DATE,UP_USER_ID) values (35,61,221,'후라이드텐더',7500,'맛있는 후라이드 텐더~!','y','/uploads/61','202104121916380.7124108383425588.png','20210412.191638','61','20210412.191638','61');
Insert into TEAM4_202012M.MENU (MENU_SEQ,OWNER_SEQ,CATE_SEQ,MENU_NAME,MENU_PRICE,MENU_CONTENT,MENU_DISPLAY_YN,ATTACH_PATH,ATTACH_FILE,IN_DATE,IN_USER_ID,UP_DATE,UP_USER_ID) values (36,61,221,'치파오 떡강정',10900,'맛있는 치파오 떡강정~!','y','/uploads/61','202104121917090.012730359747259334.png','20210412.191710','61','20210412.191710','61');
Insert into TEAM4_202012M.MENU (MENU_SEQ,OWNER_SEQ,CATE_SEQ,MENU_NAME,MENU_PRICE,MENU_CONTENT,MENU_DISPLAY_YN,ATTACH_PATH,ATTACH_FILE,IN_DATE,IN_USER_ID,UP_DATE,UP_USER_ID) values (37,61,201,'싸이버거',5800,'맛있는 싸이버거','y','/uploads/61','202104121918400.497238753117729.png','20210412.191841','61','20210412.191841','61');
Insert into TEAM4_202012M.MENU (MENU_SEQ,OWNER_SEQ,CATE_SEQ,MENU_NAME,MENU_PRICE,MENU_CONTENT,MENU_DISPLAY_YN,ATTACH_PATH,ATTACH_FILE,IN_DATE,IN_USER_ID,UP_DATE,UP_USER_ID) values (38,61,201,'치즈베이컨버거',6500,'맛있는 치즈베이컨버거~!','y','/uploads/61','202104121919300.6275298235761831.png','20210412.191930','61','20210412.191930','61');
Insert into TEAM4_202012M.MENU (MENU_SEQ,OWNER_SEQ,CATE_SEQ,MENU_NAME,MENU_PRICE,MENU_CONTENT,MENU_DISPLAY_YN,ATTACH_PATH,ATTACH_FILE,IN_DATE,IN_USER_ID,UP_DATE,UP_USER_ID) values (39,61,201,'딥치즈버거',6000,'맛있는 딥치즈버거~!','y','/uploads/61','202104121919560.6111548828051591.png','20210412.191957','61','20210412.192027','61');
Insert into TEAM4_202012M.MENU (MENU_SEQ,OWNER_SEQ,CATE_SEQ,MENU_NAME,MENU_PRICE,MENU_CONTENT,MENU_DISPLAY_YN,ATTACH_PATH,ATTACH_FILE,IN_DATE,IN_USER_ID,UP_DATE,UP_USER_ID) values (40,61,201,'인크레더블버거',6900,'맛있는 인크레더블버거~!','y','/uploads/61','202104121921020.3136785317841774.png','20210412.192103','61','20210412.192103','61');
Insert into TEAM4_202012M.MENU (MENU_SEQ,OWNER_SEQ,CATE_SEQ,MENU_NAME,MENU_PRICE,MENU_CONTENT,MENU_DISPLAY_YN,ATTACH_PATH,ATTACH_FILE,IN_DATE,IN_USER_ID,UP_DATE,UP_USER_ID) values (41,61,201,'통새우버거',4900,'맛있는 통새우버거~!','y','/uploads/61','202104121921340.15985877146254823.png','20210412.192135','61','20210412.192135','61');
Insert into TEAM4_202012M.MENU (MENU_SEQ,OWNER_SEQ,CATE_SEQ,MENU_NAME,MENU_PRICE,MENU_CONTENT,MENU_DISPLAY_YN,ATTACH_PATH,ATTACH_FILE,IN_DATE,IN_USER_ID,UP_DATE,UP_USER_ID) values (42,61,201,'언빌리버블버거',7100,'맛있는 언빌리버블버거~!','y','/uploads/61','202104121922150.782729611903253.png','20210412.192216','61','20210412.192216','61');
Insert into TEAM4_202012M.MENU (MENU_SEQ,OWNER_SEQ,CATE_SEQ,MENU_NAME,MENU_PRICE,MENU_CONTENT,MENU_DISPLAY_YN,ATTACH_PATH,ATTACH_FILE,IN_DATE,IN_USER_ID,UP_DATE,UP_USER_ID) values (43,61,201,'불싸이버거',5900,'맛있는 불싸이버거버거~!','y','/uploads/61','202104121939120.02408185335538171.png','20210412.192217','61','20210412.193943','61');
Insert into TEAM4_202012M.MENU (MENU_SEQ,OWNER_SEQ,CATE_SEQ,MENU_NAME,MENU_PRICE,MENU_CONTENT,MENU_DISPLAY_YN,ATTACH_PATH,ATTACH_FILE,IN_DATE,IN_USER_ID,UP_DATE,UP_USER_ID) values (44,61,201,'불고기버거',5000,'맛있는 불고기버거~!','y','/uploads/61','202104121922500.5315229949006771.png','20210412.192250','61','20210412.193707','61');
Insert into TEAM4_202012M.MENU (MENU_SEQ,OWNER_SEQ,CATE_SEQ,MENU_NAME,MENU_PRICE,MENU_CONTENT,MENU_DISPLAY_YN,ATTACH_PATH,ATTACH_FILE,IN_DATE,IN_USER_ID,UP_DATE,UP_USER_ID) values (45,61,222,'치즈스틱',1900,'맛있는 치즈스틱~!','y','/uploads/61','202104121923250.40464122855874607.png','20210412.192326','61','20210412.192326','61');
Insert into TEAM4_202012M.MENU (MENU_SEQ,OWNER_SEQ,CATE_SEQ,MENU_NAME,MENU_PRICE,MENU_CONTENT,MENU_DISPLAY_YN,ATTACH_PATH,ATTACH_FILE,IN_DATE,IN_USER_ID,UP_DATE,UP_USER_ID) values (46,61,222,'팝콘만두',2500,'맛있는 팝콘만두~!','y','/uploads/61','202104121924030.7787253734692939.png','20210412.192404','61','20210412.192404','61');
Insert into TEAM4_202012M.MENU (MENU_SEQ,OWNER_SEQ,CATE_SEQ,MENU_NAME,MENU_PRICE,MENU_CONTENT,MENU_DISPLAY_YN,ATTACH_PATH,ATTACH_FILE,IN_DATE,IN_USER_ID,UP_DATE,UP_USER_ID) values (47,61,222,'치즈감자',2500,'맛있는 치즈감자~!','y','/uploads/61','202104121924310.981445636170419.png','20210412.192431','61','20210412.192443','61');
Insert into TEAM4_202012M.MENU (MENU_SEQ,OWNER_SEQ,CATE_SEQ,MENU_NAME,MENU_PRICE,MENU_CONTENT,MENU_DISPLAY_YN,ATTACH_PATH,ATTACH_FILE,IN_DATE,IN_USER_ID,UP_DATE,UP_USER_ID) values (48,61,222,'케이준양념감자',1700,'맛있는 케이준양념감자~!','y','/uploads/61','202104121925170.8361143232541698.png','20210412.192518','61','20210412.192526','61');
Insert into TEAM4_202012M.MENU (MENU_SEQ,OWNER_SEQ,CATE_SEQ,MENU_NAME,MENU_PRICE,MENU_CONTENT,MENU_DISPLAY_YN,ATTACH_PATH,ATTACH_FILE,IN_DATE,IN_USER_ID,UP_DATE,UP_USER_ID) values (49,61,222,'에그랩',2300,'맛있는 에그랩~!','y','/uploads/61','202104121925520.8972390853521593.png','20210412.192552','61','20210412.192552','61');
Insert into TEAM4_202012M.MENU (MENU_SEQ,OWNER_SEQ,CATE_SEQ,MENU_NAME,MENU_PRICE,MENU_CONTENT,MENU_DISPLAY_YN,ATTACH_PATH,ATTACH_FILE,IN_DATE,IN_USER_ID,UP_DATE,UP_USER_ID) values (50,61,222,'콜라',1500,'시원한 콜라~!','y','/uploads/61','202104121926260.544497040177119.png','20210412.192627','61','20210412.192659','61');
Insert into TEAM4_202012M.MENU (MENU_SEQ,OWNER_SEQ,CATE_SEQ,MENU_NAME,MENU_PRICE,MENU_CONTENT,MENU_DISPLAY_YN,ATTACH_PATH,ATTACH_FILE,IN_DATE,IN_USER_ID,UP_DATE,UP_USER_ID) values (51,61,222,'망고에이드 ',2200,'시원한 망고에이드~!','y','/uploads/61','202104121926500.01126837498141997.png','20210412.192651','61','20210412.192651','61');
Insert into TEAM4_202012M.MENU (MENU_SEQ,OWNER_SEQ,CATE_SEQ,MENU_NAME,MENU_PRICE,MENU_CONTENT,MENU_DISPLAY_YN,ATTACH_PATH,ATTACH_FILE,IN_DATE,IN_USER_ID,UP_DATE,UP_USER_ID) values (52,61,222,'복숭아에이드',2200,'시원한 복숭아에이드~!','y','/uploads/61','202104121927310.5415206508774536.png','20210412.192732','61','20210412.192732','61');
Insert into TEAM4_202012M.MENU (MENU_SEQ,OWNER_SEQ,CATE_SEQ,MENU_NAME,MENU_PRICE,MENU_CONTENT,MENU_DISPLAY_YN,ATTACH_PATH,ATTACH_FILE,IN_DATE,IN_USER_ID,UP_DATE,UP_USER_ID) values (61,104,225,'파파스 윙',8900,'튀기지 않아 누구든지 즐길 수 있는 건강한 오븐구이 날개와 봉','y','/uploads/104','202104121948130.8175144794343518.png','20210412.194820','104','20210412.194820','104');
Insert into TEAM4_202012M.MENU (MENU_SEQ,OWNER_SEQ,CATE_SEQ,MENU_NAME,MENU_PRICE,MENU_CONTENT,MENU_DISPLAY_YN,ATTACH_PATH,ATTACH_FILE,IN_DATE,IN_USER_ID,UP_DATE,UP_USER_ID) values (62,104,225,'치스 스틱',9900,'쫄깃한 도우, 깊은 맛의 갈릭소스, 모짜렐라 치즈의 환상적인 조화','y','/uploads/104','202104121948490.8040371366081778.png','20210412.194856','104','20210412.194856','104');
Insert into TEAM4_202012M.MENU (MENU_SEQ,OWNER_SEQ,CATE_SEQ,MENU_NAME,MENU_PRICE,MENU_CONTENT,MENU_DISPLAY_YN,ATTACH_PATH,ATTACH_FILE,IN_DATE,IN_USER_ID,UP_DATE,UP_USER_ID) values (63,104,225,'파파 콘샐러드',2400,'톡톡 씹히는 고소한 옥수수에 신선한 야채가 섞인 샐러드','y','/uploads/104','202104121949320.6807131183254951.png','20210412.194940','104','20210412.195710','104');
Insert into TEAM4_202012M.MENU (MENU_SEQ,OWNER_SEQ,CATE_SEQ,MENU_NAME,MENU_PRICE,MENU_CONTENT,MENU_DISPLAY_YN,ATTACH_PATH,ATTACH_FILE,IN_DATE,IN_USER_ID,UP_DATE,UP_USER_ID) values (64,104,225,'파파스 파스타',7900,'진한 토마토 베이스의 미트 소스와 버섯과 채소가 어우러진 파스타','y','/uploads/104','202104121950180.05938832064334665.png','20210412.195025','104','20210412.195701','104');
Insert into TEAM4_202012M.MENU (MENU_SEQ,OWNER_SEQ,CATE_SEQ,MENU_NAME,MENU_PRICE,MENU_CONTENT,MENU_DISPLAY_YN,ATTACH_PATH,ATTACH_FILE,IN_DATE,IN_USER_ID,UP_DATE,UP_USER_ID) values (65,104,225,'파파스 파스타(화이트)',7900,'크림 소스와 베이컨의 고소한 풍미가 가득한 파스타','y','/uploads/104','202104121950570.8311018013078839.png','20210412.195104','104','20210412.195652','104');
Insert into TEAM4_202012M.MENU (MENU_SEQ,OWNER_SEQ,CATE_SEQ,MENU_NAME,MENU_PRICE,MENU_CONTENT,MENU_DISPLAY_YN,ATTACH_PATH,ATTACH_FILE,IN_DATE,IN_USER_ID,UP_DATE,UP_USER_ID) values (66,104,225,'파파스 파스타(로제)',7900,'부드럽고 상큼한 로제소스에 담백한 그릴드 치킨을 얹은 파스타','y','/uploads/104','202104121951260.0860629691783319.png','20210412.195133','104','20210412.195640','104');
Insert into TEAM4_202012M.MENU (MENU_SEQ,OWNER_SEQ,CATE_SEQ,MENU_NAME,MENU_PRICE,MENU_CONTENT,MENU_DISPLAY_YN,ATTACH_PATH,ATTACH_FILE,IN_DATE,IN_USER_ID,UP_DATE,UP_USER_ID) values (67,104,226,'코카 콜라 500ml',1400,'코카 콜라 500ml','y','/uploads/104','202104121952120.2940760379292676.png','20210412.195219','104','20210412.195630','104');
Insert into TEAM4_202012M.MENU (MENU_SEQ,OWNER_SEQ,CATE_SEQ,MENU_NAME,MENU_PRICE,MENU_CONTENT,MENU_DISPLAY_YN,ATTACH_PATH,ATTACH_FILE,IN_DATE,IN_USER_ID,UP_DATE,UP_USER_ID) values (68,104,226,'코카 콜라 1.25L',2000,'코카 콜라 1.25L','y','/uploads/104','202104121953590.2734248365727161.png','20210412.195239','104','20210412.195620','104');
Insert into TEAM4_202012M.MENU (MENU_SEQ,OWNER_SEQ,CATE_SEQ,MENU_NAME,MENU_PRICE,MENU_CONTENT,MENU_DISPLAY_YN,ATTACH_PATH,ATTACH_FILE,IN_DATE,IN_USER_ID,UP_DATE,UP_USER_ID) values (69,104,226,'코카 콜라 제로 500ml',1300,'코카 콜라 제로 500ml','y','/uploads/104','202104121953420.2684464415822413.png','20210412.195320','104','20210412.195605','104');
Insert into TEAM4_202012M.MENU (MENU_SEQ,OWNER_SEQ,CATE_SEQ,MENU_NAME,MENU_PRICE,MENU_CONTENT,MENU_DISPLAY_YN,ATTACH_PATH,ATTACH_FILE,IN_DATE,IN_USER_ID,UP_DATE,UP_USER_ID) values (70,104,226,'코카 콜라 제로 1.5L',2100,'코카 콜라 제로 1.5L','y','/uploads/104','202104121954440.8945196066449592.png','20210412.195451','104','20210412.195554','104');
Insert into TEAM4_202012M.MENU (MENU_SEQ,OWNER_SEQ,CATE_SEQ,MENU_NAME,MENU_PRICE,MENU_CONTENT,MENU_DISPLAY_YN,ATTACH_PATH,ATTACH_FILE,IN_DATE,IN_USER_ID,UP_DATE,UP_USER_ID) values (71,104,226,'스프라이트 500ml',1300,'스프라이트 500ml','y','/uploads/104','202104121955070.7921991135244048.png','20210412.195514','104','20210412.195544','104');
Insert into TEAM4_202012M.MENU (MENU_SEQ,OWNER_SEQ,CATE_SEQ,MENU_NAME,MENU_PRICE,MENU_CONTENT,MENU_DISPLAY_YN,ATTACH_PATH,ATTACH_FILE,IN_DATE,IN_USER_ID,UP_DATE,UP_USER_ID) values (72,104,226,'스프라이트 1.5L',2100,'스프라이트 1.5L','y','/uploads/104','202104121955300.9238960600844383.png','20210412.195537','104','20210412.195537','104');
Insert into TEAM4_202012M.MENU (MENU_SEQ,OWNER_SEQ,CATE_SEQ,MENU_NAME,MENU_PRICE,MENU_CONTENT,MENU_DISPLAY_YN,ATTACH_PATH,ATTACH_FILE,IN_DATE,IN_USER_ID,UP_DATE,UP_USER_ID) values (73,104,226,'미닛 메이드 오렌지 350ml',1700,'미닛 메이드 오렌지 350ml','y','/uploads/104','202104121957380.6160358370889754.png','20210412.195745','104','20210412.195745','104');
Insert into TEAM4_202012M.MENU (MENU_SEQ,OWNER_SEQ,CATE_SEQ,MENU_NAME,MENU_PRICE,MENU_CONTENT,MENU_DISPLAY_YN,ATTACH_PATH,ATTACH_FILE,IN_DATE,IN_USER_ID,UP_DATE,UP_USER_ID) values (74,104,226,'미닛 메이드 오렌지 1.5L',3200,'미닛 메이드 오렌지 1.5L','y','/uploads/104','202104121958030.13126807543493135.png','20210412.195810','104','20210412.195810','104');
Insert into TEAM4_202012M.MENU (MENU_SEQ,OWNER_SEQ,CATE_SEQ,MENU_NAME,MENU_PRICE,MENU_CONTENT,MENU_DISPLAY_YN,ATTACH_PATH,ATTACH_FILE,IN_DATE,IN_USER_ID,UP_DATE,UP_USER_ID) values (22,22,163,'아이스 아메리카노',4000,'아이스 카페 아메리카노','y','/uploads/22','202104121835130.10013708789497677.jpg','20210412.183514','22','20210412.200029','22');
Insert into TEAM4_202012M.MENU (MENU_SEQ,OWNER_SEQ,CATE_SEQ,MENU_NAME,MENU_PRICE,MENU_CONTENT,MENU_DISPLAY_YN,ATTACH_PATH,ATTACH_FILE,IN_DATE,IN_USER_ID,UP_DATE,UP_USER_ID) values (23,22,163,'아이스 카페 모카 ',5500,'아이스 카페 모카 ','y','/uploads/22','202104122000010.2495883054576734.jpg','20210412.183617','22','20210412.200020','22');
Insert into TEAM4_202012M.MENU (MENU_SEQ,OWNER_SEQ,CATE_SEQ,MENU_NAME,MENU_PRICE,MENU_CONTENT,MENU_DISPLAY_YN,ATTACH_PATH,ATTACH_FILE,IN_DATE,IN_USER_ID,UP_DATE,UP_USER_ID) values (24,22,163,'카라멜 마키아또',5600,'카라멜 마키아또','y','/uploads/22','202104121836480.8255322160740727.jpg','20210412.183649','22','20210412.183649','22');
Insert into TEAM4_202012M.MENU (MENU_SEQ,OWNER_SEQ,CATE_SEQ,MENU_NAME,MENU_PRICE,MENU_CONTENT,MENU_DISPLAY_YN,ATTACH_PATH,ATTACH_FILE,IN_DATE,IN_USER_ID,UP_DATE,UP_USER_ID) values (1,22,161,'바닐라 콜드 브루',5600,'바닐라 크림 콜드 브루','y','/uploads/22','202104121658250.724950983996463.jpg','20210412.165824','22','20210413.193848','22');
Insert into TEAM4_202012M.MENU (MENU_SEQ,OWNER_SEQ,CATE_SEQ,MENU_NAME,MENU_PRICE,MENU_CONTENT,MENU_DISPLAY_YN,ATTACH_PATH,ATTACH_FILE,IN_DATE,IN_USER_ID,UP_DATE,UP_USER_ID) values (21,22,163,'카페 아메리카노',4500,'아메리카노','y','/uploads/22','202104121834040.918272653168671.jpg','20210412.183406','22','20210412.183406','22');
Insert into TEAM4_202012M.MENU (MENU_SEQ,OWNER_SEQ,CATE_SEQ,MENU_NAME,MENU_PRICE,MENU_CONTENT,MENU_DISPLAY_YN,ATTACH_PATH,ATTACH_FILE,IN_DATE,IN_USER_ID,UP_DATE,UP_USER_ID) values (25,22,163,'아이스 돌체 라떼',5600,'아이스 돌체 라떼','y','/uploads/22','202104121837350.2744589544419259.jpg','20210412.183735','22','20210412.183735','22');
Insert into TEAM4_202012M.MENU (MENU_SEQ,OWNER_SEQ,CATE_SEQ,MENU_NAME,MENU_PRICE,MENU_CONTENT,MENU_DISPLAY_YN,ATTACH_PATH,ATTACH_FILE,IN_DATE,IN_USER_ID,UP_DATE,UP_USER_ID) values (26,22,163,'아이스 카페 라떼',5500,'아이스 카페 라떼','y','/uploads/22','202104121838010.9212921562930256.jpg','20210412.183803','22','20210412.183813','22');
Insert into TEAM4_202012M.MENU (MENU_SEQ,OWNER_SEQ,CATE_SEQ,MENU_NAME,MENU_PRICE,MENU_CONTENT,MENU_DISPLAY_YN,ATTACH_PATH,ATTACH_FILE,IN_DATE,IN_USER_ID,UP_DATE,UP_USER_ID) values (27,22,163,'카페 라떼',4500,'카페 라떼','y','/uploads/22','202104121838420.1831809813411056.jpg','20210412.183843','22','20210412.183856','22');
Insert into TEAM4_202012M.MENU (MENU_SEQ,OWNER_SEQ,CATE_SEQ,MENU_NAME,MENU_PRICE,MENU_CONTENT,MENU_DISPLAY_YN,ATTACH_PATH,ATTACH_FILE,IN_DATE,IN_USER_ID,UP_DATE,UP_USER_ID) values (28,22,163,'에스프레소',4000,'에스프레소','y','/uploads/22','202104121839480.33768791374567886.jpg','20210412.183949','22','20210412.183949','22');
Insert into TEAM4_202012M.MENU (MENU_SEQ,OWNER_SEQ,CATE_SEQ,MENU_NAME,MENU_PRICE,MENU_CONTENT,MENU_DISPLAY_YN,ATTACH_PATH,ATTACH_FILE,IN_DATE,IN_USER_ID,UP_DATE,UP_USER_ID) values (59,104,223,'식스 치즈 피자',24500,'모짜렐라, 로마노, 파마산, 아시아고, 폰티나, 프로볼로네 6종의 치즈 맛을 풍부하게 느낄 수 있는 정통 이탈리안 치즈피자','y','/uploads/104','202104121943380.0867835872426993.png','20210412.194345','104','20210412.194345','104');
Insert into TEAM4_202012M.MENU (MENU_SEQ,OWNER_SEQ,CATE_SEQ,MENU_NAME,MENU_PRICE,MENU_CONTENT,MENU_DISPLAY_YN,ATTACH_PATH,ATTACH_FILE,IN_DATE,IN_USER_ID,UP_DATE,UP_USER_ID) values (60,104,223,'존스 페이보릿 피자',27500,'이탈리안 소시지, 페퍼로니와 6종의 치즈가 만들어 내는 진한 풍미의 피자','y','/uploads/104','202104121944280.8695471586119091.png','20210412.194436','104','20210412.194436','104');
Insert into TEAM4_202012M.MENU (MENU_SEQ,OWNER_SEQ,CATE_SEQ,MENU_NAME,MENU_PRICE,MENU_CONTENT,MENU_DISPLAY_YN,ATTACH_PATH,ATTACH_FILE,IN_DATE,IN_USER_ID,UP_DATE,UP_USER_ID) values (83,121,241,'먼치킨',500,'테스트','y','/uploads/121','202104131355130.4177860627996457.jpg','20210413.135514','121','20210414.163518','121');
Insert into TEAM4_202012M.MENU (MENU_SEQ,OWNER_SEQ,CATE_SEQ,MENU_NAME,MENU_PRICE,MENU_CONTENT,MENU_DISPLAY_YN,ATTACH_PATH,ATTACH_FILE,IN_DATE,IN_USER_ID,UP_DATE,UP_USER_ID) values (162,161,321,'중국',1,'중국','y','/uploads/161','202104151643430.9091591800053037.png','20210415.164346','161','20210415.164346','161');
Insert into TEAM4_202012M.MENU (MENU_SEQ,OWNER_SEQ,CATE_SEQ,MENU_NAME,MENU_PRICE,MENU_CONTENT,MENU_DISPLAY_YN,ATTACH_PATH,ATTACH_FILE,IN_DATE,IN_USER_ID,UP_DATE,UP_USER_ID) values (161,161,321,'대한민국',99999999999999999,'대한민국','y','/uploads/161','202104151643160.43137317840377853.jpg','20210415.164319','161','20210415.164319','161');
Insert into TEAM4_202012M.MENU (MENU_SEQ,OWNER_SEQ,CATE_SEQ,MENU_NAME,MENU_PRICE,MENU_CONTENT,MENU_DISPLAY_YN,ATTACH_PATH,ATTACH_FILE,IN_DATE,IN_USER_ID,UP_DATE,UP_USER_ID) values (163,161,321,'일본',1,'일본','y','/uploads/161','202104151644060.5622426337598035.png','20210415.164409','161','20210415.164409','161');
Insert into TEAM4_202012M.MENU (MENU_SEQ,OWNER_SEQ,CATE_SEQ,MENU_NAME,MENU_PRICE,MENU_CONTENT,MENU_DISPLAY_YN,ATTACH_PATH,ATTACH_FILE,IN_DATE,IN_USER_ID,UP_DATE,UP_USER_ID) values (81,121,241,'먼치킨',500,'테스트','y','/uploads/121','202104131355110.38195249944122156.jpg','20210413.135511','121','20210413.135511','121');
Insert into TEAM4_202012M.MENU (MENU_SEQ,OWNER_SEQ,CATE_SEQ,MENU_NAME,MENU_PRICE,MENU_CONTENT,MENU_DISPLAY_YN,ATTACH_PATH,ATTACH_FILE,IN_DATE,IN_USER_ID,UP_DATE,UP_USER_ID) values (82,121,241,'먼치킨',500,'테스트','y','/uploads/121','202104131355130.28208273160025243.jpg','20210413.135514','121','20210413.135514','121');
REM INSERTING into TEAM4_202012M.NOTICE
SET DEFINE OFF;
Insert into TEAM4_202012M.NOTICE (NOTI_SEQ,NOTI_TITLE,NOTI_CONTENT,ATTACH_PATH,ATTACH_FILE,IN_DATE,IN_USER_ID,UP_DATE,UP_USER_ID) values (3,'[공지] 죠기요 긴급재난지원금 사용 안내','안녕하세요. 죠기요 입니다.

항상 저희 죠기요를 이용해 주시는 고객 여러분께 깊이 감사 드립니다.
긴급재난지원금 사용에 대해 안내드립니다.

긴급재난지원금은 온라인 전자상거래에 사용이 제한되기 때문에, 죠기요 현장 결제 시에만 사용 가능합니다.

주문하실 때 결제 수단을 현장 결제 > 신용카드로 선택하고,
긴급재난지원금을 지급받으신 신용/체크카드로 현장 결제하면 사용하실 수 있습니다.

다만, 해당 음식점의 소재지와 긴급재난지원금을 지급받은 세대주의 거주지가 동일한 광역단체(시/도)인 경우에만 사용 가능합니다.

또한, 업종 및 결제 수단에 따라 아래와 같이 사용이 제한될 수 있으니, 주문/결제 전 꼭 확인이 필요합니다.

? 해당 음식점이 사용 제한 업종인 경우 사용 불가 (예. 유흥업소)
? 프랜차이즈 가맹점의 경우, 직영점은 본사 소재지와 세대주의 거주지가 동일해야 사용 가능
? 선불카드, 지역사랑상품권 카드형도 현장 결제 시 사용 가능하나, 지역과 음식점의 가맹 여부에 따라 사용이 제한될 수 있음
? 죠기요 플러스, 익스프레스, 셰플리는 현장 결제로도 사용 불가

개별 음식점에 대한 세부 정보는 죠기요 앱에서 확인이 어려우며, 해당 음식점 또는 카드사를 통해 보다 자세하게 확인하실 수 있습니다.

*현장 결제 시에는 죠기요에서 제공하는 할인 혜택 적용은 어려운 점 양해 부탁드립니다.
고객님들께 더 좋은 서비스를 제공하는 죠기요가 되겠습니다.

감사합니다.','/uploads/1','202104121136500.3227257929067987.png','20210420.105229','admin@kakao.com','20210412.114328','admin@kakao.com');
Insert into TEAM4_202012M.NOTICE (NOTI_SEQ,NOTI_TITLE,NOTI_CONTENT,ATTACH_PATH,ATTACH_FILE,IN_DATE,IN_USER_ID,UP_DATE,UP_USER_ID) values (1,'[공지] 개인정보처리방침 일부 변경 안내','안녕하세요. 죠기요 입니다.
항상 저희 죠기요를 이용해주시는 고객 여러분께 깊이 감사 드립니다.

2021년 4월 30일부터 죠기요 개인정보 처리방침이 일부 변경됩니다.
■ 개인정보 처리방침 개정 사항

1. 개인정보 처리방침 개정 목적
? 개인정보 위탁과 자동 수집 장치에 관한 사항 등 처리 방침 일부 현행화

2. 개인정보 처리방침 고지 및 시행일자
? 고지일자 : 2021.3.24
? 시행일자 : 2021.3.31

3. 개인정보 처리방침 주요 개정 내용
1) 제3조 (개인정보처리의 위탁) ? 수탁업체 “(주)스펙트라” 삭제
2) 제7조 (개인정보 자동 수집 장치의 설치 ? 운영 및 거부) ? 설치/운영 현황 현행화 및 상세 설명 추가

고객님들께 더 좋은 서비스를 제공하는 죠기요가 되겠습니다.
감사합니다.',null,null,'20210412.091741','admin@kakao.com','20210413.124319','admin@kakao.com');
Insert into TEAM4_202012M.NOTICE (NOTI_SEQ,NOTI_TITLE,NOTI_CONTENT,ATTACH_PATH,ATTACH_FILE,IN_DATE,IN_USER_ID,UP_DATE,UP_USER_ID) values (2,'[공지] 죠기요 계정 사칭 주의 안내','안녕하세요. 죠기요입니다.
항상 저희 죠기요를 이용해주시는 고객 여러분께 깊이 감사드립니다.

최근 죠기요 공식 인스타그램 계정을 사칭하여 고객님들께 DM을 보내
개인 정보를 요구하는 사례가 확인되었습니다.

[죠기요 공식 인스타그램 구분법]
① @jyogiyo_official 아이디 확인하기
(사칭 계정: @_jyogiyo_official / jyogiyo.__official)

②요기요 공식 계정은 아이디 옆에 ‘블루 뱃지’가 표시되어 있습니다.

사칭 계정 DM을 받으신 경우, 링크 클릭 및 개인 정보 입력하지 마시고
피해가 없도록 각별한 주의 부탁드립니다.

감사합니다.',null,null,'20210414.103156','admin@kakao.com','20210412.105542','admin@kakao.com');
REM INSERTING into TEAM4_202012M.OWNER
SET DEFINE OFF;
Insert into TEAM4_202012M.OWNER (OWNER_SEQ,OWNER_NAME,OWNER_ID,OWNER_PWD,OWNER_STR_NAME,OWNER_STR_NUM,OWNER_STR_TEL,OWNER_ADD1,OWNER_ADD2,LOGO_PATH,LOGO_FILE,ADMIN_YN,IN_DATE,IN_USER_ID,UP_DATE,UP_USER_ID) values (241,'김가가','gaga@naver.com','Asdf123!','파파존스','3522464321','234-345-1343','서울 마포구 대흥동','12','/uploads/241','202103161213280.6865201216146589.png','N','20210316.121038','241','20210416.121038','241');
Insert into TEAM4_202012M.OWNER (OWNER_SEQ,OWNER_NAME,OWNER_ID,OWNER_PWD,OWNER_STR_NAME,OWNER_STR_NUM,OWNER_STR_TEL,OWNER_ADD1,OWNER_ADD2,LOGO_PATH,LOGO_FILE,ADMIN_YN,IN_DATE,IN_USER_ID,UP_DATE,UP_USER_ID) values (61,'김현주','hyun_on@naver.com','p@ssW0rd','맘스터치','1252312346','010-1234-1234','대전 중구 문화동','맘스터치','/uploads/61','202104122017490.06664542433136611.jpg','N','20210414.092705','61','20210412.201750','61');
Insert into TEAM4_202012M.OWNER (OWNER_SEQ,OWNER_NAME,OWNER_ID,OWNER_PWD,OWNER_STR_NAME,OWNER_STR_NUM,OWNER_STR_TEL,OWNER_ADD1,OWNER_ADD2,LOGO_PATH,LOGO_FILE,ADMIN_YN,IN_DATE,IN_USER_ID,UP_DATE,UP_USER_ID) values (121,'신민경','xx.love.xx.com@gmail.com','p@ssW0rd','던킨도너츠','1253423634','042-666-6666','대전 동구 자양동 89-1','3층','/uploads/121','202104131352290.9722345866319243.jpg','N','20210413.135228','121','20210413.140006','121');
Insert into TEAM4_202012M.OWNER (OWNER_SEQ,OWNER_NAME,OWNER_ID,OWNER_PWD,OWNER_STR_NAME,OWNER_STR_NUM,OWNER_STR_TEL,OWNER_ADD1,OWNER_ADD2,LOGO_PATH,LOGO_FILE,ADMIN_YN,IN_DATE,IN_USER_ID,UP_DATE,UP_USER_ID) values (41,'이학재','ririnto@gmail.com','Asdf!234','학학학','1213456789','010-6308-0737','대전 중구 선화동','394-7','/uploads/41','202104120915130.9928433696975607.png','N','20210411.173049','41','20210412.091520','41');
Insert into TEAM4_202012M.OWNER (OWNER_SEQ,OWNER_NAME,OWNER_ID,OWNER_PWD,OWNER_STR_NAME,OWNER_STR_NUM,OWNER_STR_TEL,OWNER_ADD1,OWNER_ADD2,LOGO_PATH,LOGO_FILE,ADMIN_YN,IN_DATE,IN_USER_ID,UP_DATE,UP_USER_ID) values (161,'박상빈','qkrtkdqls21@naver.com','Asdf123!','나라거래상','9876543210','010-1234-1234','서울 강남구 강남대로96길','6','/uploads/161','202104151639300.44641271730685683.jpg','N','20210415.163933','161','20210415.163933','161');
Insert into TEAM4_202012M.OWNER (OWNER_SEQ,OWNER_NAME,OWNER_ID,OWNER_PWD,OWNER_STR_NAME,OWNER_STR_NUM,OWNER_STR_TEL,OWNER_ADD1,OWNER_ADD2,LOGO_PATH,LOGO_FILE,ADMIN_YN,IN_DATE,IN_USER_ID,UP_DATE,UP_USER_ID) values (26,'이학재','ririnto@kakao.com','p@ssW0rd','학재네','1234567891','010-6308-0737','대전 중구 선화서로23번길','14 204호','/uploads/26','202104121150100.45625425681318355.png','N','20211013.145946','ririnto@kakao.com','20210412.115009','26');
Insert into TEAM4_202012M.OWNER (OWNER_SEQ,OWNER_NAME,OWNER_ID,OWNER_PWD,OWNER_STR_NAME,OWNER_STR_NUM,OWNER_STR_TEL,OWNER_ADD1,OWNER_ADD2,LOGO_PATH,LOGO_FILE,ADMIN_YN,IN_DATE,IN_USER_ID,UP_DATE,UP_USER_ID) values (1,'관리자','admin@kakao.com','p@ssW0rd',null,null,null,null,null,'/uploads/1','admin.png','y',null,null,null,null);
Insert into TEAM4_202012M.OWNER (OWNER_SEQ,OWNER_NAME,OWNER_ID,OWNER_PWD,OWNER_STR_NAME,OWNER_STR_NUM,OWNER_STR_TEL,OWNER_ADD1,OWNER_ADD2,LOGO_PATH,LOGO_FILE,ADMIN_YN,IN_DATE,IN_USER_ID,UP_DATE,UP_USER_ID) values (22,'길정우','za_or@naver.com','Asdf123!','스타벅스','1234567890','010-1232-1231','서울 강남구 강남대로','456','/uploads/22','202104121653450.861854760286254.jpg','N','20210411.145623','za_or@naver.com','20210413.143055','22');
Insert into TEAM4_202012M.OWNER (OWNER_SEQ,OWNER_NAME,OWNER_ID,OWNER_PWD,OWNER_STR_NAME,OWNER_STR_NUM,OWNER_STR_TEL,OWNER_ADD1,OWNER_ADD2,LOGO_PATH,LOGO_FILE,ADMIN_YN,IN_DATE,IN_USER_ID,UP_DATE,UP_USER_ID) values (104,'김대호','hihidaeho@naver.com','p@ssW0rd','파파존스 지족점','1234512345','042-123-4567','대전 유성구 지족동','123-12 파파존스 지족점','/uploads/104','202104121918300.48719774162757323.jfif','N','20210412.191837','104','20210413.193323','1');
REM INSERTING into TEAM4_202012M.SYS_ANSWER
SET DEFINE OFF;
Insert into TEAM4_202012M.SYS_ANSWER (SYS_QUES_SEQ,SYS_ANS_REPLY,IN_DATE,IN_USER_ID,UP_DATE,UP_USER_ID) values (125,'안됩니다','20210413.200836','admin@kakao.com','20210413.200836','admin@kakao.com');
Insert into TEAM4_202012M.SYS_ANSWER (SYS_QUES_SEQ,SYS_ANS_REPLY,IN_DATE,IN_USER_ID,UP_DATE,UP_USER_ID) values (101,'테스트 완료','20210413.192819','admin@kakao.com','20210413.192819','admin@kakao.com');
Insert into TEAM4_202012M.SYS_ANSWER (SYS_QUES_SEQ,SYS_ANS_REPLY,IN_DATE,IN_USER_ID,UP_DATE,UP_USER_ID) values (81,'모르겠습니다 ','20210413.192853','admin@kakao.com','20210413.192853','admin@kakao.com');
Insert into TEAM4_202012M.SYS_ANSWER (SYS_QUES_SEQ,SYS_ANS_REPLY,IN_DATE,IN_USER_ID,UP_DATE,UP_USER_ID) values (1,'답변이 업데이트 되네요','20210412.113732','admin@kakao.com','20210412.113732','admin@kakao.com');
Insert into TEAM4_202012M.SYS_ANSWER (SYS_QUES_SEQ,SYS_ANS_REPLY,IN_DATE,IN_USER_ID,UP_DATE,UP_USER_ID) values (21,'sdasfds','20210415.120411','admin@kakao.com','20210415.120411','admin@kakao.com');
Insert into TEAM4_202012M.SYS_ANSWER (SYS_QUES_SEQ,SYS_ANS_REPLY,IN_DATE,IN_USER_ID,UP_DATE,UP_USER_ID) values (41,'ㄷㄷㄷㄷㄷㄷㄷㄷㄷㄷㄷㄷㄷㄷㄷㄷㄷㄷㄷㄷㄷㄷㄷㄷㄷㄷㄷㄷ','20210412.114251','admin@kakao.com','20210412.114251','admin@kakao.com');
Insert into TEAM4_202012M.SYS_ANSWER (SYS_QUES_SEQ,SYS_ANS_REPLY,IN_DATE,IN_USER_ID,UP_DATE,UP_USER_ID) values (61,'아이디 변경을 하지 못하게 설정되어있습니다

특별한 사유가 없는 한 변경이 어렵습니다','20210412.114824','admin@kakao.com','20210412.114824','admin@kakao.com');
REM INSERTING into TEAM4_202012M.SYS_QUESTION
SET DEFINE OFF;
Insert into TEAM4_202012M.SYS_QUESTION (SYS_QUES_SEQ,OWNER_SEQ,SYS_QUES_TITLE,SYS_QUES_CONTENT,SYS_QUES_DISPLAY_YN,ATTACH_PATH,ATTACH_FILE,IN_DATE,IN_USER_ID,UP_DATE,UP_USER_ID) values (41,26,'ddd','ddd','n','/uploads/26','202104121219150.21966386516488112.jpg','20210412.113921','ririnto@kakao.com','20210412.121920','ririnto@kakao.com');
Insert into TEAM4_202012M.SYS_QUESTION (SYS_QUES_SEQ,OWNER_SEQ,SYS_QUES_TITLE,SYS_QUES_CONTENT,SYS_QUES_DISPLAY_YN,ATTACH_PATH,ATTACH_FILE,IN_DATE,IN_USER_ID,UP_DATE,UP_USER_ID) values (1,1,'비용은 얼마에요?','내용	카테고리 내의 메뉴 한번에 못 지우나요?','n',null,null,'20210410.213815','1','20210410.213844','1');
Insert into TEAM4_202012M.SYS_QUESTION (SYS_QUES_SEQ,OWNER_SEQ,SYS_QUES_TITLE,SYS_QUES_CONTENT,SYS_QUES_DISPLAY_YN,ATTACH_PATH,ATTACH_FILE,IN_DATE,IN_USER_ID,UP_DATE,UP_USER_ID) values (21,26,'기능 개선 요청합니다','키오스크에 시간도 표시해주세요','y','/uploads/26','202104121217540.1742155469365403.gif','20210411.174457','ririnto@kakao.com','20210412.121800','ririnto@kakao.com');
Insert into TEAM4_202012M.SYS_QUESTION (SYS_QUES_SEQ,OWNER_SEQ,SYS_QUES_TITLE,SYS_QUES_CONTENT,SYS_QUES_DISPLAY_YN,ATTACH_PATH,ATTACH_FILE,IN_DATE,IN_USER_ID,UP_DATE,UP_USER_ID) values (81,22,'왜?','오류가 뜨나요?','n','/uploads/22','202104131932380.295521540192358.jpg','20210412.171220','za_or@naver.com','20210413.193238','za_or@naver.com');
Insert into TEAM4_202012M.SYS_QUESTION (SYS_QUES_SEQ,OWNER_SEQ,SYS_QUES_TITLE,SYS_QUES_CONTENT,SYS_QUES_DISPLAY_YN,ATTACH_PATH,ATTACH_FILE,IN_DATE,IN_USER_ID,UP_DATE,UP_USER_ID) values (101,22,'시스템 문의사항','테스트 테스트','y','/uploads/22','202104131242250.9537479748376929.jpg','20210413.124226','za_or@naver.com','20210413.193127','za_or@naver.com');
Insert into TEAM4_202012M.SYS_QUESTION (SYS_QUES_SEQ,OWNER_SEQ,SYS_QUES_TITLE,SYS_QUES_CONTENT,SYS_QUES_DISPLAY_YN,ATTACH_PATH,ATTACH_FILE,IN_DATE,IN_USER_ID,UP_DATE,UP_USER_ID) values (61,22,'아이디 변경이 안되요','아이디 변경이 안되요 이유가 있나요?','y','/uploads/22','202104121146430.5840740943755843.jpg','20210412.114649','za_or@naver.com','20210412.114649','za_or@naver.com');
Insert into TEAM4_202012M.SYS_QUESTION (SYS_QUES_SEQ,OWNER_SEQ,SYS_QUES_TITLE,SYS_QUES_CONTENT,SYS_QUES_DISPLAY_YN,ATTACH_PATH,ATTACH_FILE,IN_DATE,IN_USER_ID,UP_DATE,UP_USER_ID) values (125,1,'요청사항','자동 로그인 기능이 있나요? 
없으면 추가 가능할까요?','y','/uploads/26','202104121158450.7728227397288115.jpg','20210410.212806','ririnto@kakao.com','20210412.115850','ririnto@kakao.com');
REM INSERTING into TEAM4_202012M.VOICE_OF_CUSTOMER
SET DEFINE OFF;
Insert into TEAM4_202012M.VOICE_OF_CUSTOMER (VOC_SEQ,OWNER_SEQ,CONTENT,IN_DATE,IN_USER_ID,UP_DATE,UP_USER_ID) values (62,22,'가나다라마바사아자차카타파하
가나다라마바사아자차카타파하
가나다라마바사아자차카타파하
가나다라마바사아자차카타파하
가나다라마바사아자차카타파하
가나다라마바사아자차카타파하
가나다라마바사아자차카타파하
가나다라마바사아자차카타파하
가나다라마바사아자차카타파하가나다라마바사아자차카타파하
가나다라마바사아자차카타파하
하히헤호후','2021-04-15',null,'2021-04-15',null);
Insert into TEAM4_202012M.VOICE_OF_CUSTOMER (VOC_SEQ,OWNER_SEQ,CONTENT,IN_DATE,IN_USER_ID,UP_DATE,UP_USER_ID) values (123,61,'안녕하세요','2021-04-15',null,'2021-04-15',null);
Insert into TEAM4_202012M.VOICE_OF_CUSTOMER (VOC_SEQ,OWNER_SEQ,CONTENT,IN_DATE,IN_USER_ID,UP_DATE,UP_USER_ID) values (187,22,'수정 완료','2021-04-15',null,'2021-04-15',null);
Insert into TEAM4_202012M.VOICE_OF_CUSTOMER (VOC_SEQ,OWNER_SEQ,CONTENT,IN_DATE,IN_USER_ID,UP_DATE,UP_USER_ID) values (61,22,'음성인식이 잘 안되요~~','2021-04-15',null,'2021-04-15',null);
Insert into TEAM4_202012M.VOICE_OF_CUSTOMER (VOC_SEQ,OWNER_SEQ,CONTENT,IN_DATE,IN_USER_ID,UP_DATE,UP_USER_ID) values (21,22,'안녕하세요?','2021-04-15',null,'2021-04-15',null);
Insert into TEAM4_202012M.VOICE_OF_CUSTOMER (VOC_SEQ,OWNER_SEQ,CONTENT,IN_DATE,IN_USER_ID,UP_DATE,UP_USER_ID) values (22,22,'ㅇㅇㅇㅇㅇㅇㅇㅇㅇㅇㅇㅇㅇㅇㅇㅇㅇㅇㅇㅇㅇㅇㅇㅇㅇㅇㅇㅇㅇㅇㅇㅇㅇㅇㅇㅇㅇㅇㅇㅇㅇㅇㅇㅇㅇㅇㅇㅇㅇㅇㅇㅇㅇㅇㅇㅇㅇㅇㅇㅇㅇㅇㅇㅇㅇㅇㅇㅇㅇㅇㅇㅇㅇㅇㅇㅇㅇㅇㅇㅇㅇㅇㅇㅇㅇㅇㅇㅇㅇㅇㅇㅇㅇㅇㅇㅇㅇㅇㅇㅇㅇㅇㅇㅇㅇㅇㅇㅇㅇㅇㅇ','2021-04-15',null,'2021-04-15',null);
Insert into TEAM4_202012M.VOICE_OF_CUSTOMER (VOC_SEQ,OWNER_SEQ,CONTENT,IN_DATE,IN_USER_ID,UP_DATE,UP_USER_ID) values (202,22,'DD','2021-04-15',null,'2021-04-15',null);
Insert into TEAM4_202012M.VOICE_OF_CUSTOMER (VOC_SEQ,OWNER_SEQ,CONTENT,IN_DATE,IN_USER_ID,UP_DATE,UP_USER_ID) values (161,22,'안녕하세요 음성인식 언제 되ㅏ요?
','2021-04-15',null,'2021-04-15',null);
Insert into TEAM4_202012M.VOICE_OF_CUSTOMER (VOC_SEQ,OWNER_SEQ,CONTENT,IN_DATE,IN_USER_ID,UP_DATE,UP_USER_ID) values (163,22,'아무 내용 안적는데 등록되요 이것 좀 막아주세요 ㅁㄴㅇㄹ','2021-04-15',null,'2021-04-15',null);
Insert into TEAM4_202012M.VOICE_OF_CUSTOMER (VOC_SEQ,OWNER_SEQ,CONTENT,IN_DATE,IN_USER_ID,UP_DATE,UP_USER_ID) values (201,22,'커피너무맛업어','2021-04-15',null,'2021-04-15',null);
Insert into TEAM4_202012M.VOICE_OF_CUSTOMER (VOC_SEQ,OWNER_SEQ,CONTENT,IN_DATE,IN_USER_ID,UP_DATE,UP_USER_ID) values (164,22,'ㅊ','2021-04-15',null,'2021-04-15',null);
Insert into TEAM4_202012M.VOICE_OF_CUSTOMER (VOC_SEQ,OWNER_SEQ,CONTENT,IN_DATE,IN_USER_ID,UP_DATE,UP_USER_ID) values (185,22,'asdf','2021-04-15',null,'2021-04-15',null);
Insert into TEAM4_202012M.VOICE_OF_CUSTOMER (VOC_SEQ,OWNER_SEQ,CONTENT,IN_DATE,IN_USER_ID,UP_DATE,UP_USER_ID) values (41,22,'하이','2021-04-15',null,'2021-04-15',null);
Insert into TEAM4_202012M.VOICE_OF_CUSTOMER (VOC_SEQ,OWNER_SEQ,CONTENT,IN_DATE,IN_USER_ID,UP_DATE,UP_USER_ID) values (81,22,'테스트','2021-04-15',null,'2021-04-15',null);
--------------------------------------------------------
--  DDL for Index SYS_ANSWER_PK
--------------------------------------------------------

  CREATE UNIQUE INDEX "TEAM4_202012M"."SYS_ANSWER_PK" ON "TEAM4_202012M"."SYS_ANSWER" ("SYS_QUES_SEQ") 
  PCTFREE 10 INITRANS 2 MAXTRANS 255 COMPUTE STATISTICS 
  STORAGE(INITIAL 65536 NEXT 1048576 MINEXTENTS 1 MAXEXTENTS 2147483645
  PCTINCREASE 0 FREELISTS 1 FREELIST GROUPS 1 BUFFER_POOL DEFAULT FLASH_CACHE DEFAULT CELL_FLASH_CACHE DEFAULT)
  TABLESPACE "TS_202012M" ;
--------------------------------------------------------
--  DDL for Index SYS_C007401
--------------------------------------------------------

  CREATE UNIQUE INDEX "TEAM4_202012M"."SYS_C007401" ON "TEAM4_202012M"."BUY" ("BUY_SEQ", "MENU_SEQ") 
  PCTFREE 10 INITRANS 2 MAXTRANS 255 COMPUTE STATISTICS 
  STORAGE(INITIAL 65536 NEXT 1048576 MINEXTENTS 1 MAXEXTENTS 2147483645
  PCTINCREASE 0 FREELISTS 1 FREELIST GROUPS 1 BUFFER_POOL DEFAULT FLASH_CACHE DEFAULT CELL_FLASH_CACHE DEFAULT)
  TABLESPACE "TS_202012M" ;
--------------------------------------------------------
--  DDL for Index SYS_C007406
--------------------------------------------------------

  CREATE UNIQUE INDEX "TEAM4_202012M"."SYS_C007406" ON "TEAM4_202012M"."EVENT" ("EVENT_SEQ", "OWNER_SEQ") 
  PCTFREE 10 INITRANS 2 MAXTRANS 255 COMPUTE STATISTICS 
  STORAGE(INITIAL 65536 NEXT 1048576 MINEXTENTS 1 MAXEXTENTS 2147483645
  PCTINCREASE 0 FREELISTS 1 FREELIST GROUPS 1 BUFFER_POOL DEFAULT FLASH_CACHE DEFAULT CELL_FLASH_CACHE DEFAULT)
  TABLESPACE "TS_202012M" ;
--------------------------------------------------------
--  DDL for Index SYS_C007410
--------------------------------------------------------

  CREATE UNIQUE INDEX "TEAM4_202012M"."SYS_C007410" ON "TEAM4_202012M"."MENU" ("MENU_SEQ") 
  PCTFREE 10 INITRANS 2 MAXTRANS 255 COMPUTE STATISTICS 
  STORAGE(INITIAL 65536 NEXT 1048576 MINEXTENTS 1 MAXEXTENTS 2147483645
  PCTINCREASE 0 FREELISTS 1 FREELIST GROUPS 1 BUFFER_POOL DEFAULT FLASH_CACHE DEFAULT CELL_FLASH_CACHE DEFAULT)
  TABLESPACE "TS_202012M" ;
--------------------------------------------------------
--  DDL for Index SYS_C007412
--------------------------------------------------------

  CREATE UNIQUE INDEX "TEAM4_202012M"."SYS_C007412" ON "TEAM4_202012M"."NOTICE" ("NOTI_SEQ") 
  PCTFREE 10 INITRANS 2 MAXTRANS 255 COMPUTE STATISTICS 
  STORAGE(INITIAL 65536 NEXT 1048576 MINEXTENTS 1 MAXEXTENTS 2147483645
  PCTINCREASE 0 FREELISTS 1 FREELIST GROUPS 1 BUFFER_POOL DEFAULT FLASH_CACHE DEFAULT CELL_FLASH_CACHE DEFAULT)
  TABLESPACE "TS_202012M" ;
--------------------------------------------------------
--  DDL for Index SYS_C007414
--------------------------------------------------------

  CREATE UNIQUE INDEX "TEAM4_202012M"."SYS_C007414" ON "TEAM4_202012M"."OWNER" ("OWNER_SEQ") 
  PCTFREE 10 INITRANS 2 MAXTRANS 255 COMPUTE STATISTICS 
  STORAGE(INITIAL 65536 NEXT 1048576 MINEXTENTS 1 MAXEXTENTS 2147483645
  PCTINCREASE 0 FREELISTS 1 FREELIST GROUPS 1 BUFFER_POOL DEFAULT FLASH_CACHE DEFAULT CELL_FLASH_CACHE DEFAULT)
  TABLESPACE "TS_202012M" ;
--------------------------------------------------------
--  DDL for Index SYS_C007415
--------------------------------------------------------

  CREATE UNIQUE INDEX "TEAM4_202012M"."SYS_C007415" ON "TEAM4_202012M"."OWNER" ("OWNER_ID") 
  PCTFREE 10 INITRANS 2 MAXTRANS 255 COMPUTE STATISTICS 
  STORAGE(INITIAL 65536 NEXT 1048576 MINEXTENTS 1 MAXEXTENTS 2147483645
  PCTINCREASE 0 FREELISTS 1 FREELIST GROUPS 1 BUFFER_POOL DEFAULT FLASH_CACHE DEFAULT CELL_FLASH_CACHE DEFAULT)
  TABLESPACE "TS_202012M" ;
--------------------------------------------------------
--  DDL for Index SYS_C007416
--------------------------------------------------------

  CREATE UNIQUE INDEX "TEAM4_202012M"."SYS_C007416" ON "TEAM4_202012M"."OWNER" ("OWNER_STR_NUM") 
  PCTFREE 10 INITRANS 2 MAXTRANS 255 COMPUTE STATISTICS 
  STORAGE(INITIAL 65536 NEXT 1048576 MINEXTENTS 1 MAXEXTENTS 2147483645
  PCTINCREASE 0 FREELISTS 1 FREELIST GROUPS 1 BUFFER_POOL DEFAULT FLASH_CACHE DEFAULT CELL_FLASH_CACHE DEFAULT)
  TABLESPACE "TS_202012M" ;
--------------------------------------------------------
--  DDL for Index SYS_C007420
--------------------------------------------------------

  CREATE UNIQUE INDEX "TEAM4_202012M"."SYS_C007420" ON "TEAM4_202012M"."SYS_QUESTION" ("SYS_QUES_SEQ") 
  PCTFREE 10 INITRANS 2 MAXTRANS 255 COMPUTE STATISTICS 
  STORAGE(INITIAL 65536 NEXT 1048576 MINEXTENTS 1 MAXEXTENTS 2147483645
  PCTINCREASE 0 FREELISTS 1 FREELIST GROUPS 1 BUFFER_POOL DEFAULT FLASH_CACHE DEFAULT CELL_FLASH_CACHE DEFAULT)
  TABLESPACE "TS_202012M" ;
--------------------------------------------------------
--  DDL for Index SYS_C007429
--------------------------------------------------------

  CREATE UNIQUE INDEX "TEAM4_202012M"."SYS_C007429" ON "TEAM4_202012M"."CATEGORY" ("CATE_SEQ") 
  PCTFREE 10 INITRANS 2 MAXTRANS 255 COMPUTE STATISTICS 
  STORAGE(INITIAL 65536 NEXT 1048576 MINEXTENTS 1 MAXEXTENTS 2147483645
  PCTINCREASE 0 FREELISTS 1 FREELIST GROUPS 1 BUFFER_POOL DEFAULT FLASH_CACHE DEFAULT CELL_FLASH_CACHE DEFAULT)
  TABLESPACE "TS_202012M" ;
--------------------------------------------------------
--  DDL for Index SYS_C007776
--------------------------------------------------------

  CREATE UNIQUE INDEX "TEAM4_202012M"."SYS_C007776" ON "TEAM4_202012M"."VOICE_OF_CUSTOMER" ("VOC_SEQ") 
  PCTFREE 10 INITRANS 2 MAXTRANS 255 COMPUTE STATISTICS 
  STORAGE(INITIAL 65536 NEXT 1048576 MINEXTENTS 1 MAXEXTENTS 2147483645
  PCTINCREASE 0 FREELISTS 1 FREELIST GROUPS 1 BUFFER_POOL DEFAULT FLASH_CACHE DEFAULT CELL_FLASH_CACHE DEFAULT)
  TABLESPACE "TS_202012M" ;
--------------------------------------------------------
--  Constraints for Table BUY
--------------------------------------------------------

  ALTER TABLE "TEAM4_202012M"."BUY" MODIFY ("BUY_SEQ" NOT NULL ENABLE);
  ALTER TABLE "TEAM4_202012M"."BUY" MODIFY ("MENU_SEQ" NOT NULL ENABLE);
  ALTER TABLE "TEAM4_202012M"."BUY" ADD CONSTRAINT "SYS_C007401" PRIMARY KEY ("BUY_SEQ", "MENU_SEQ")
  USING INDEX PCTFREE 10 INITRANS 2 MAXTRANS 255 COMPUTE STATISTICS 
  STORAGE(INITIAL 65536 NEXT 1048576 MINEXTENTS 1 MAXEXTENTS 2147483645
  PCTINCREASE 0 FREELISTS 1 FREELIST GROUPS 1 BUFFER_POOL DEFAULT FLASH_CACHE DEFAULT CELL_FLASH_CACHE DEFAULT)
  TABLESPACE "TS_202012M"  ENABLE;
--------------------------------------------------------
--  Constraints for Table CATEGORY
--------------------------------------------------------

  ALTER TABLE "TEAM4_202012M"."CATEGORY" MODIFY ("CATE_SEQ" NOT NULL ENABLE);
  ALTER TABLE "TEAM4_202012M"."CATEGORY" MODIFY ("OWNER_SEQ" NOT NULL ENABLE);
  ALTER TABLE "TEAM4_202012M"."CATEGORY" ADD PRIMARY KEY ("CATE_SEQ")
  USING INDEX PCTFREE 10 INITRANS 2 MAXTRANS 255 COMPUTE STATISTICS 
  STORAGE(INITIAL 65536 NEXT 1048576 MINEXTENTS 1 MAXEXTENTS 2147483645
  PCTINCREASE 0 FREELISTS 1 FREELIST GROUPS 1 BUFFER_POOL DEFAULT FLASH_CACHE DEFAULT CELL_FLASH_CACHE DEFAULT)
  TABLESPACE "TS_202012M"  ENABLE;
--------------------------------------------------------
--  Constraints for Table EVENT
--------------------------------------------------------

  ALTER TABLE "TEAM4_202012M"."EVENT" MODIFY ("EVENT_SEQ" NOT NULL ENABLE);
  ALTER TABLE "TEAM4_202012M"."EVENT" MODIFY ("OWNER_SEQ" NOT NULL ENABLE);
  ALTER TABLE "TEAM4_202012M"."EVENT" ADD PRIMARY KEY ("EVENT_SEQ", "OWNER_SEQ")
  USING INDEX PCTFREE 10 INITRANS 2 MAXTRANS 255 COMPUTE STATISTICS 
  STORAGE(INITIAL 65536 NEXT 1048576 MINEXTENTS 1 MAXEXTENTS 2147483645
  PCTINCREASE 0 FREELISTS 1 FREELIST GROUPS 1 BUFFER_POOL DEFAULT FLASH_CACHE DEFAULT CELL_FLASH_CACHE DEFAULT)
  TABLESPACE "TS_202012M"  ENABLE;
--------------------------------------------------------
--  Constraints for Table MENU
--------------------------------------------------------

  ALTER TABLE "TEAM4_202012M"."MENU" MODIFY ("MENU_SEQ" NOT NULL ENABLE);
  ALTER TABLE "TEAM4_202012M"."MENU" MODIFY ("OWNER_SEQ" NOT NULL ENABLE);
  ALTER TABLE "TEAM4_202012M"."MENU" MODIFY ("CATE_SEQ" NOT NULL ENABLE);
  ALTER TABLE "TEAM4_202012M"."MENU" ADD PRIMARY KEY ("MENU_SEQ")
  USING INDEX PCTFREE 10 INITRANS 2 MAXTRANS 255 COMPUTE STATISTICS 
  STORAGE(INITIAL 65536 NEXT 1048576 MINEXTENTS 1 MAXEXTENTS 2147483645
  PCTINCREASE 0 FREELISTS 1 FREELIST GROUPS 1 BUFFER_POOL DEFAULT FLASH_CACHE DEFAULT CELL_FLASH_CACHE DEFAULT)
  TABLESPACE "TS_202012M"  ENABLE;
--------------------------------------------------------
--  Constraints for Table NOTICE
--------------------------------------------------------

  ALTER TABLE "TEAM4_202012M"."NOTICE" MODIFY ("NOTI_SEQ" NOT NULL ENABLE);
  ALTER TABLE "TEAM4_202012M"."NOTICE" ADD PRIMARY KEY ("NOTI_SEQ")
  USING INDEX PCTFREE 10 INITRANS 2 MAXTRANS 255 COMPUTE STATISTICS 
  STORAGE(INITIAL 65536 NEXT 1048576 MINEXTENTS 1 MAXEXTENTS 2147483645
  PCTINCREASE 0 FREELISTS 1 FREELIST GROUPS 1 BUFFER_POOL DEFAULT FLASH_CACHE DEFAULT CELL_FLASH_CACHE DEFAULT)
  TABLESPACE "TS_202012M"  ENABLE;
--------------------------------------------------------
--  Constraints for Table OWNER
--------------------------------------------------------

  ALTER TABLE "TEAM4_202012M"."OWNER" MODIFY ("OWNER_SEQ" NOT NULL ENABLE);
  ALTER TABLE "TEAM4_202012M"."OWNER" ADD PRIMARY KEY ("OWNER_SEQ")
  USING INDEX PCTFREE 10 INITRANS 2 MAXTRANS 255 COMPUTE STATISTICS 
  STORAGE(INITIAL 65536 NEXT 1048576 MINEXTENTS 1 MAXEXTENTS 2147483645
  PCTINCREASE 0 FREELISTS 1 FREELIST GROUPS 1 BUFFER_POOL DEFAULT FLASH_CACHE DEFAULT CELL_FLASH_CACHE DEFAULT)
  TABLESPACE "TS_202012M"  ENABLE;
  ALTER TABLE "TEAM4_202012M"."OWNER" ADD UNIQUE ("OWNER_ID")
  USING INDEX PCTFREE 10 INITRANS 2 MAXTRANS 255 COMPUTE STATISTICS 
  STORAGE(INITIAL 65536 NEXT 1048576 MINEXTENTS 1 MAXEXTENTS 2147483645
  PCTINCREASE 0 FREELISTS 1 FREELIST GROUPS 1 BUFFER_POOL DEFAULT FLASH_CACHE DEFAULT CELL_FLASH_CACHE DEFAULT)
  TABLESPACE "TS_202012M"  ENABLE;
  ALTER TABLE "TEAM4_202012M"."OWNER" ADD UNIQUE ("OWNER_STR_NUM")
  USING INDEX PCTFREE 10 INITRANS 2 MAXTRANS 255 COMPUTE STATISTICS 
  STORAGE(INITIAL 65536 NEXT 1048576 MINEXTENTS 1 MAXEXTENTS 2147483645
  PCTINCREASE 0 FREELISTS 1 FREELIST GROUPS 1 BUFFER_POOL DEFAULT FLASH_CACHE DEFAULT CELL_FLASH_CACHE DEFAULT)
  TABLESPACE "TS_202012M"  ENABLE;
--------------------------------------------------------
--  Constraints for Table SYS_ANSWER
--------------------------------------------------------

  ALTER TABLE "TEAM4_202012M"."SYS_ANSWER" MODIFY ("SYS_QUES_SEQ" NOT NULL ENABLE);
  ALTER TABLE "TEAM4_202012M"."SYS_ANSWER" ADD CONSTRAINT "SYS_ANSWER_PK" PRIMARY KEY ("SYS_QUES_SEQ")
  USING INDEX PCTFREE 10 INITRANS 2 MAXTRANS 255 COMPUTE STATISTICS 
  STORAGE(INITIAL 65536 NEXT 1048576 MINEXTENTS 1 MAXEXTENTS 2147483645
  PCTINCREASE 0 FREELISTS 1 FREELIST GROUPS 1 BUFFER_POOL DEFAULT FLASH_CACHE DEFAULT CELL_FLASH_CACHE DEFAULT)
  TABLESPACE "TS_202012M"  ENABLE;
--------------------------------------------------------
--  Constraints for Table SYS_QUESTION
--------------------------------------------------------

  ALTER TABLE "TEAM4_202012M"."SYS_QUESTION" MODIFY ("OWNER_SEQ" NOT NULL ENABLE);
  ALTER TABLE "TEAM4_202012M"."SYS_QUESTION" ADD PRIMARY KEY ("SYS_QUES_SEQ")
  USING INDEX PCTFREE 10 INITRANS 2 MAXTRANS 255 COMPUTE STATISTICS 
  STORAGE(INITIAL 65536 NEXT 1048576 MINEXTENTS 1 MAXEXTENTS 2147483645
  PCTINCREASE 0 FREELISTS 1 FREELIST GROUPS 1 BUFFER_POOL DEFAULT FLASH_CACHE DEFAULT CELL_FLASH_CACHE DEFAULT)
  TABLESPACE "TS_202012M"  ENABLE;
  ALTER TABLE "TEAM4_202012M"."SYS_QUESTION" MODIFY ("SYS_QUES_SEQ" NOT NULL ENABLE);
--------------------------------------------------------
--  Constraints for Table VOICE_OF_CUSTOMER
--------------------------------------------------------

  ALTER TABLE "TEAM4_202012M"."VOICE_OF_CUSTOMER" ADD PRIMARY KEY ("VOC_SEQ")
  USING INDEX PCTFREE 10 INITRANS 2 MAXTRANS 255 COMPUTE STATISTICS 
  STORAGE(INITIAL 65536 NEXT 1048576 MINEXTENTS 1 MAXEXTENTS 2147483645
  PCTINCREASE 0 FREELISTS 1 FREELIST GROUPS 1 BUFFER_POOL DEFAULT FLASH_CACHE DEFAULT CELL_FLASH_CACHE DEFAULT)
  TABLESPACE "TS_202012M"  ENABLE;
--------------------------------------------------------
--  Ref Constraints for Table BUY
--------------------------------------------------------

  ALTER TABLE "TEAM4_202012M"."BUY" ADD FOREIGN KEY ("MENU_SEQ")
	  REFERENCES "TEAM4_202012M"."MENU" ("MENU_SEQ") ENABLE;
--------------------------------------------------------
--  Ref Constraints for Table CATEGORY
--------------------------------------------------------

  ALTER TABLE "TEAM4_202012M"."CATEGORY" ADD FOREIGN KEY ("OWNER_SEQ")
	  REFERENCES "TEAM4_202012M"."OWNER" ("OWNER_SEQ") ENABLE;
--------------------------------------------------------
--  Ref Constraints for Table EVENT
--------------------------------------------------------

  ALTER TABLE "TEAM4_202012M"."EVENT" ADD FOREIGN KEY ("OWNER_SEQ")
	  REFERENCES "TEAM4_202012M"."OWNER" ("OWNER_SEQ") ENABLE;
--------------------------------------------------------
--  Ref Constraints for Table MENU
--------------------------------------------------------

  ALTER TABLE "TEAM4_202012M"."MENU" ADD FOREIGN KEY ("OWNER_SEQ")
	  REFERENCES "TEAM4_202012M"."OWNER" ("OWNER_SEQ") ENABLE;
  ALTER TABLE "TEAM4_202012M"."MENU" ADD FOREIGN KEY ("CATE_SEQ")
	  REFERENCES "TEAM4_202012M"."CATEGORY" ("CATE_SEQ") ENABLE;
--------------------------------------------------------
--  Ref Constraints for Table SYS_ANSWER
--------------------------------------------------------

  ALTER TABLE "TEAM4_202012M"."SYS_ANSWER" ADD FOREIGN KEY ("SYS_QUES_SEQ")
	  REFERENCES "TEAM4_202012M"."SYS_QUESTION" ("SYS_QUES_SEQ") ENABLE;
--------------------------------------------------------
--  Ref Constraints for Table SYS_QUESTION
--------------------------------------------------------

  ALTER TABLE "TEAM4_202012M"."SYS_QUESTION" ADD FOREIGN KEY ("OWNER_SEQ")
	  REFERENCES "TEAM4_202012M"."OWNER" ("OWNER_SEQ") ENABLE;
--------------------------------------------------------
--  Ref Constraints for Table VOICE_OF_CUSTOMER
--------------------------------------------------------

  ALTER TABLE "TEAM4_202012M"."VOICE_OF_CUSTOMER" ADD CONSTRAINT "FK_VOC" FOREIGN KEY ("OWNER_SEQ")
	  REFERENCES "TEAM4_202012M"."OWNER" ("OWNER_SEQ") ENABLE;
